employee_id,name,role,record_date,patient_satisfaction_score,readmission_rate,compliance_score,charting_timeliness
EID001,Allison Hill,Nurse,2024-10-01,75.34,2.26,90.88,90.06
EID001,Allison Hill,Nurse,2024-10-02,86.71,4.23,93.48,84.14
EID001,Allison Hill,Nurse,2024-10-03,78.19,0.96,90.05,95.59
EID001,Allison Hill,Nurse,2024-10-04,98.15,3.47,88.0,70.4
EID001,Allison Hill,Nurse,2024-10-05,82.98,1.75,96.63,92.08
EID001,Allison Hill,Nurse,2024-10-06,81.29,1.78,84.53,83.34
EID001,Allison Hill,Nurse,2024-10-07,80.95,1.38,88.41,70.56
EID001,Allison Hill,Nurse,2024-10-08,75.27,1.45,96.01,72.7
EID001,Allison Hill,Nurse,2024-10-09,85.74,2.27,87.24,79.65
EID001,Allison Hill,Nurse,2024-10-10,83.35,1.8,88.73,79.94
EID001,Allison Hill,Nurse,2024-10-11,91.03,0.09,95.86,75.19
EID001,Allison Hill,Nurse,2024-10-12,80.14,1.08,93.76,87.46
EID001,Allison Hill,Nurse,2024-10-13,81.62,4.61,88.31,89.97
EID001,Allison Hill,Nurse,2024-10-14,85.04,3.21,98.57,71.92
EID001,Allison Hill,Nurse,2024-10-15,87.02,2.69,85.14,85.66
EID001,Allison Hill,Nurse,2024-10-16,76.49,3.29,91.13,97.38
EID001,Allison Hill,Nurse,2024-10-17,71.69,0.97,80.74,90.72
EID001,Allison Hill,Nurse,2024-10-18,82.93,2.17,91.96,71.81
EID001,Allison Hill,Nurse,2024-10-19,94.25,2.01,85.76,97.19
EID001,Allison Hill,Nurse,2024-10-20,82.73,2.6,82.87,77.1
EID001,Allison Hill,Nurse,2024-10-21,89.53,2.7,83.97,99.78
EID001,Allison Hill,Nurse,2024-10-22,97.14,4.86,83.05,89.32
EID001,Allison Hill,Nurse,2024-10-23,82.91,1.09,98.85,76.17
EID001,Allison Hill,Nurse,2024-10-24,86.95,1.47,89.3,87.4
EID001,Allison Hill,Nurse,2024-10-25,77.03,4.11,99.01,81.78
EID001,Allison Hill,Nurse,2024-10-26,93.32,1.89,95.88,90.36
EID001,Allison Hill,Nurse,2024-10-27,78.16,2.45,86.15,83.41
EID001,Allison Hill,Nurse,2024-10-28,74.6,1.98,84.93,79.64
EID001,Allison Hill,Nurse,2024-10-29,85.03,0.37,84.65,93.76
EID001,Allison Hill,Nurse,2024-10-30,95.71,0.1,85.28,81.16
EID001,Allison Hill,Nurse,2024-10-31,97.16,3.9,89.93,78.17
EID001,Allison Hill,Nurse,2024-11-01,90.06,0.06,91.01,82.27
EID001,Allison Hill,Nurse,2024-11-02,80.39,2.52,94.17,77.94
EID001,Allison Hill,Nurse,2024-11-03,85.97,1.81,94.25,74.87
EID001,Allison Hill,Nurse,2024-11-04,89.69,0.73,97.31,74.62
EID001,Allison Hill,Nurse,2024-11-05,91.09,2.54,86.47,91.05
EID001,Allison Hill,Nurse,2024-11-06,85.53,3.33,92.8,80.33
EID001,Allison Hill,Nurse,2024-11-07,78.13,0.83,83.11,85.51
EID001,Allison Hill,Nurse,2024-11-08,90.0,3.16,97.13,75.21
EID001,Allison Hill,Nurse,2024-11-09,85.99,3.84,84.48,79.5
EID001,Allison Hill,Nurse,2024-11-10,75.75,2.64,81.81,88.04
EID001,Allison Hill,Nurse,2024-11-11,78.81,3.26,81.46,72.15
EID001,Allison Hill,Nurse,2024-11-12,70.05,3.59,82.29,93.96
EID001,Allison Hill,Nurse,2024-11-13,79.13,4.99,91.27,97.37
EID001,Allison Hill,Nurse,2024-11-14,71.26,1.55,81.21,75.54
EID001,Allison Hill,Nurse,2024-11-15,91.92,3.81,99.5,70.32
EID001,Allison Hill,Nurse,2024-11-16,74.35,3.06,81.16,96.92
EID001,Allison Hill,Nurse,2024-11-17,85.47,4.26,85.51,91.36
EID001,Allison Hill,Nurse,2024-11-18,94.28,2.85,86.25,79.6
EID001,Allison Hill,Nurse,2024-11-19,83.44,1.57,92.8,91.52
EID001,Allison Hill,Nurse,2024-11-20,89.26,4.87,99.23,83.54
EID001,Allison Hill,Nurse,2024-11-21,78.9,2.47,83.96,95.55
EID001,Allison Hill,Nurse,2024-11-22,90.32,3.69,81.73,91.18
EID001,Allison Hill,Nurse,2024-11-23,97.4,1.17,96.65,98.79
EID001,Allison Hill,Nurse,2024-11-24,78.56,1.81,97.94,98.55
EID001,Allison Hill,Nurse,2024-11-25,73.95,0.9,80.92,90.36
EID001,Allison Hill,Nurse,2024-11-26,91.3,3.53,88.92,91.74
EID001,Allison Hill,Nurse,2024-11-27,85.93,2.53,91.75,92.38
EID001,Allison Hill,Nurse,2024-11-28,87.37,3.89,80.38,80.66
EID001,Allison Hill,Nurse,2024-11-29,81.54,3.69,90.62,73.79
EID001,Allison Hill,Nurse,2024-11-30,98.64,3.44,98.41,75.93
EID001,Allison Hill,Nurse,2024-12-01,97.53,0.26,84.33,99.17
EID001,Allison Hill,Nurse,2024-12-02,90.42,0.39,80.0,93.85
EID001,Allison Hill,Nurse,2024-12-03,95.5,1.48,87.48,85.72
EID001,Allison Hill,Nurse,2024-12-04,98.56,0.94,80.15,76.63
EID001,Allison Hill,Nurse,2024-12-05,81.38,2.47,80.36,84.1
EID001,Allison Hill,Nurse,2024-12-06,72.34,4.03,86.5,86.32
EID001,Allison Hill,Nurse,2024-12-07,86.85,2.64,89.81,74.28
EID001,Allison Hill,Nurse,2024-12-08,98.76,3.36,83.35,87.41
EID001,Allison Hill,Nurse,2024-12-09,97.76,3.97,84.35,89.49
EID001,Allison Hill,Nurse,2024-12-10,78.37,1.61,97.78,89.98
EID001,Allison Hill,Nurse,2024-12-11,88.33,3.94,98.17,85.97
EID001,Allison Hill,Nurse,2024-12-12,89.59,4.11,88.85,99.08
EID001,Allison Hill,Nurse,2024-12-13,70.01,0.39,88.99,82.86
EID001,Allison Hill,Nurse,2024-12-14,75.45,2.05,88.66,83.36
EID001,Allison Hill,Nurse,2024-12-15,87.85,1.39,98.29,81.94
EID001,Allison Hill,Nurse,2024-12-16,73.15,1.93,87.56,70.41
EID001,Allison Hill,Nurse,2024-12-17,84.63,3.56,80.55,97.45
EID001,Allison Hill,Nurse,2024-12-18,70.02,3.95,92.37,97.23
EID001,Allison Hill,Nurse,2024-12-19,91.03,1.36,98.01,99.54
EID001,Allison Hill,Nurse,2024-12-20,89.29,4.55,97.08,75.84
EID001,Allison Hill,Nurse,2024-12-21,99.02,0.86,87.78,97.02
EID001,Allison Hill,Nurse,2024-12-22,86.09,3.33,99.28,74.21
EID001,Allison Hill,Nurse,2024-12-23,98.86,0.49,98.25,84.95
EID001,Allison Hill,Nurse,2024-12-24,89.93,0.8,86.99,90.96
EID001,Allison Hill,Nurse,2024-12-25,93.84,3.99,81.27,82.21
EID001,Allison Hill,Nurse,2024-12-26,81.92,1.64,92.8,78.07
EID001,Allison Hill,Nurse,2024-12-27,78.79,0.06,99.68,80.35
EID001,Allison Hill,Nurse,2024-12-28,94.04,4.59,84.74,83.38
EID001,Allison Hill,Nurse,2024-12-29,94.43,4.76,94.24,90.13
EID001,Allison Hill,Nurse,2024-12-30,90.55,2.11,91.23,85.57
EID001,Allison Hill,Nurse,2024-12-31,94.28,0.61,95.24,89.2
EID002,Noah Rhodes,Nurse,2024-10-01,82.07,3.0,91.89,85.93
EID002,Noah Rhodes,Nurse,2024-10-02,90.51,0.85,88.51,79.6
EID002,Noah Rhodes,Nurse,2024-10-03,71.57,3.65,94.87,92.85
EID002,Noah Rhodes,Nurse,2024-10-04,92.87,3.88,87.91,71.5
EID002,Noah Rhodes,Nurse,2024-10-05,91.11,3.94,97.2,76.44
EID002,Noah Rhodes,Nurse,2024-10-06,91.72,2.63,98.24,95.9
EID002,Noah Rhodes,Nurse,2024-10-07,86.9,1.65,89.6,87.86
EID002,Noah Rhodes,Nurse,2024-10-08,82.52,4.05,81.17,76.8
EID002,Noah Rhodes,Nurse,2024-10-09,75.62,2.08,91.72,98.94
EID002,Noah Rhodes,Nurse,2024-10-10,86.4,0.87,99.8,99.04
EID002,Noah Rhodes,Nurse,2024-10-11,91.71,4.16,88.63,88.83
EID002,Noah Rhodes,Nurse,2024-10-12,72.32,3.01,92.06,86.77
EID002,Noah Rhodes,Nurse,2024-10-13,80.58,1.65,82.36,92.08
EID002,Noah Rhodes,Nurse,2024-10-14,78.91,0.23,97.69,88.3
EID002,Noah Rhodes,Nurse,2024-10-15,89.95,2.75,86.26,74.61
EID002,Noah Rhodes,Nurse,2024-10-16,88.08,3.77,97.79,88.89
EID002,Noah Rhodes,Nurse,2024-10-17,90.41,3.9,93.56,82.0
EID002,Noah Rhodes,Nurse,2024-10-18,87.17,2.3,80.55,99.91
EID002,Noah Rhodes,Nurse,2024-10-19,79.88,0.02,91.73,96.01
EID002,Noah Rhodes,Nurse,2024-10-20,77.49,4.74,85.21,73.4
EID002,Noah Rhodes,Nurse,2024-10-21,75.27,0.25,90.13,88.38
EID002,Noah Rhodes,Nurse,2024-10-22,80.18,1.46,84.08,79.22
EID002,Noah Rhodes,Nurse,2024-10-23,93.19,2.69,95.77,77.94
EID002,Noah Rhodes,Nurse,2024-10-24,80.05,1.58,96.56,99.99
EID002,Noah Rhodes,Nurse,2024-10-25,97.75,0.25,82.4,80.76
EID002,Noah Rhodes,Nurse,2024-10-26,96.32,2.34,91.41,93.59
EID002,Noah Rhodes,Nurse,2024-10-27,78.51,3.61,99.41,79.82
EID002,Noah Rhodes,Nurse,2024-10-28,89.72,3.85,85.69,80.8
EID002,Noah Rhodes,Nurse,2024-10-29,91.05,0.41,96.44,72.08
EID002,Noah Rhodes,Nurse,2024-10-30,89.72,0.3,88.42,89.67
EID002,Noah Rhodes,Nurse,2024-10-31,85.44,1.22,98.16,92.34
EID002,Noah Rhodes,Nurse,2024-11-01,89.15,4.99,81.79,79.15
EID002,Noah Rhodes,Nurse,2024-11-02,70.99,0.92,92.62,92.52
EID002,Noah Rhodes,Nurse,2024-11-03,70.86,4.21,98.38,84.41
EID002,Noah Rhodes,Nurse,2024-11-04,81.6,1.22,91.96,92.41
EID002,Noah Rhodes,Nurse,2024-11-05,93.25,1.93,97.32,72.49
EID002,Noah Rhodes,Nurse,2024-11-06,79.76,1.03,96.01,74.65
EID002,Noah Rhodes,Nurse,2024-11-07,77.42,4.39,81.36,74.64
EID002,Noah Rhodes,Nurse,2024-11-08,75.19,2.52,83.63,86.24
EID002,Noah Rhodes,Nurse,2024-11-09,92.7,2.68,99.62,83.29
EID002,Noah Rhodes,Nurse,2024-11-10,79.31,0.12,94.8,92.35
EID002,Noah Rhodes,Nurse,2024-11-11,96.54,1.13,93.37,71.17
EID002,Noah Rhodes,Nurse,2024-11-12,82.26,4.21,90.37,80.12
EID002,Noah Rhodes,Nurse,2024-11-13,98.35,0.81,86.24,83.5
EID002,Noah Rhodes,Nurse,2024-11-14,89.09,0.65,89.25,70.05
EID002,Noah Rhodes,Nurse,2024-11-15,93.22,2.29,96.6,85.36
EID002,Noah Rhodes,Nurse,2024-11-16,99.92,4.43,98.46,95.1
EID002,Noah Rhodes,Nurse,2024-11-17,73.64,4.75,80.36,81.03
EID002,Noah Rhodes,Nurse,2024-11-18,78.42,3.98,87.16,86.08
EID002,Noah Rhodes,Nurse,2024-11-19,77.15,1.13,99.6,72.05
EID002,Noah Rhodes,Nurse,2024-11-20,98.81,4.43,85.59,86.79
EID002,Noah Rhodes,Nurse,2024-11-21,95.54,4.19,81.68,80.3
EID002,Noah Rhodes,Nurse,2024-11-22,83.72,1.71,81.07,87.36
EID002,Noah Rhodes,Nurse,2024-11-23,91.52,4.2,92.11,92.23
EID002,Noah Rhodes,Nurse,2024-11-24,72.29,1.27,95.96,89.49
EID002,Noah Rhodes,Nurse,2024-11-25,71.85,1.65,93.72,91.03
EID002,Noah Rhodes,Nurse,2024-11-26,97.84,3.46,82.63,95.41
EID002,Noah Rhodes,Nurse,2024-11-27,94.62,4.07,95.04,87.8
EID002,Noah Rhodes,Nurse,2024-11-28,74.53,2.02,81.48,82.22
EID002,Noah Rhodes,Nurse,2024-11-29,76.85,1.19,89.16,94.41
EID002,Noah Rhodes,Nurse,2024-11-30,82.89,4.96,84.99,78.24
EID002,Noah Rhodes,Nurse,2024-12-01,90.29,3.18,89.25,96.76
EID002,Noah Rhodes,Nurse,2024-12-02,82.18,1.67,96.45,71.89
EID002,Noah Rhodes,Nurse,2024-12-03,89.75,4.71,89.59,89.64
EID002,Noah Rhodes,Nurse,2024-12-04,74.63,1.09,83.4,80.51
EID002,Noah Rhodes,Nurse,2024-12-05,80.95,2.72,90.97,85.82
EID002,Noah Rhodes,Nurse,2024-12-06,99.6,3.79,88.18,71.09
EID002,Noah Rhodes,Nurse,2024-12-07,70.17,0.95,89.67,81.2
EID002,Noah Rhodes,Nurse,2024-12-08,90.61,4.14,89.14,74.93
EID002,Noah Rhodes,Nurse,2024-12-09,83.58,3.82,88.26,88.39
EID002,Noah Rhodes,Nurse,2024-12-10,71.81,0.88,92.3,98.44
EID002,Noah Rhodes,Nurse,2024-12-11,86.7,4.37,88.37,84.69
EID002,Noah Rhodes,Nurse,2024-12-12,86.34,1.87,94.26,96.36
EID002,Noah Rhodes,Nurse,2024-12-13,96.51,0.44,91.68,72.95
EID002,Noah Rhodes,Nurse,2024-12-14,92.35,2.24,83.11,91.43
EID002,Noah Rhodes,Nurse,2024-12-15,97.91,2.94,95.76,87.63
EID002,Noah Rhodes,Nurse,2024-12-16,98.95,0.83,99.32,75.75
EID002,Noah Rhodes,Nurse,2024-12-17,85.09,1.26,91.41,74.81
EID002,Noah Rhodes,Nurse,2024-12-18,90.66,0.41,84.66,82.39
EID002,Noah Rhodes,Nurse,2024-12-19,71.73,3.55,97.89,98.42
EID002,Noah Rhodes,Nurse,2024-12-20,70.17,3.14,80.81,93.96
EID002,Noah Rhodes,Nurse,2024-12-21,77.54,0.39,88.85,72.13
EID002,Noah Rhodes,Nurse,2024-12-22,98.71,0.2,89.39,94.97
EID002,Noah Rhodes,Nurse,2024-12-23,88.75,3.3,82.59,99.67
EID002,Noah Rhodes,Nurse,2024-12-24,70.49,1.02,86.42,87.76
EID002,Noah Rhodes,Nurse,2024-12-25,90.41,4.53,83.09,94.95
EID002,Noah Rhodes,Nurse,2024-12-26,79.85,0.32,93.39,81.7
EID002,Noah Rhodes,Nurse,2024-12-27,87.92,3.09,83.7,85.39
EID002,Noah Rhodes,Nurse,2024-12-28,86.78,0.36,95.05,89.17
EID002,Noah Rhodes,Nurse,2024-12-29,97.16,2.03,98.49,97.39
EID002,Noah Rhodes,Nurse,2024-12-30,91.76,2.22,88.68,97.16
EID002,Noah Rhodes,Nurse,2024-12-31,70.28,1.9,88.64,96.84
EID003,Angie Henderson,Nurse,2024-10-01,81.1,1.74,89.75,85.16
EID003,Angie Henderson,Nurse,2024-10-02,81.15,4.67,95.3,85.0
EID003,Angie Henderson,Nurse,2024-10-03,74.49,2.04,88.12,83.14
EID003,Angie Henderson,Nurse,2024-10-04,84.74,0.19,99.04,79.63
EID003,Angie Henderson,Nurse,2024-10-05,99.37,4.9,80.46,88.67
EID003,Angie Henderson,Nurse,2024-10-06,82.46,1.35,89.73,72.79
EID003,Angie Henderson,Nurse,2024-10-07,98.15,0.33,88.92,81.7
EID003,Angie Henderson,Nurse,2024-10-08,97.88,3.41,85.93,77.29
EID003,Angie Henderson,Nurse,2024-10-09,91.41,4.56,96.97,87.42
EID003,Angie Henderson,Nurse,2024-10-10,98.07,2.93,98.08,79.23
EID003,Angie Henderson,Nurse,2024-10-11,85.68,2.52,93.67,75.74
EID003,Angie Henderson,Nurse,2024-10-12,78.79,3.88,85.8,71.24
EID003,Angie Henderson,Nurse,2024-10-13,88.25,0.97,85.44,76.26
EID003,Angie Henderson,Nurse,2024-10-14,95.08,0.34,91.65,74.44
EID003,Angie Henderson,Nurse,2024-10-15,75.75,0.49,81.44,81.79
EID003,Angie Henderson,Nurse,2024-10-16,87.75,4.52,86.28,97.18
EID003,Angie Henderson,Nurse,2024-10-17,71.71,4.52,93.55,97.96
EID003,Angie Henderson,Nurse,2024-10-18,84.8,1.33,93.85,77.38
EID003,Angie Henderson,Nurse,2024-10-19,71.63,2.57,95.7,87.87
EID003,Angie Henderson,Nurse,2024-10-20,82.3,2.61,93.07,70.94
EID003,Angie Henderson,Nurse,2024-10-21,96.81,1.91,99.59,95.92
EID003,Angie Henderson,Nurse,2024-10-22,96.84,4.91,81.72,96.46
EID003,Angie Henderson,Nurse,2024-10-23,81.03,1.34,82.36,86.15
EID003,Angie Henderson,Nurse,2024-10-24,75.6,3.22,98.38,72.17
EID003,Angie Henderson,Nurse,2024-10-25,76.58,1.97,96.87,83.03
EID003,Angie Henderson,Nurse,2024-10-26,91.81,4.08,80.23,98.58
EID003,Angie Henderson,Nurse,2024-10-27,96.1,1.19,81.06,97.44
EID003,Angie Henderson,Nurse,2024-10-28,97.81,4.23,99.75,85.42
EID003,Angie Henderson,Nurse,2024-10-29,97.72,1.93,94.83,85.88
EID003,Angie Henderson,Nurse,2024-10-30,88.87,0.37,87.03,87.16
EID003,Angie Henderson,Nurse,2024-10-31,99.89,4.31,86.34,97.2
EID003,Angie Henderson,Nurse,2024-11-01,82.04,4.97,87.01,97.05
EID003,Angie Henderson,Nurse,2024-11-02,71.62,2.24,84.19,83.98
EID003,Angie Henderson,Nurse,2024-11-03,88.5,2.28,92.92,90.81
EID003,Angie Henderson,Nurse,2024-11-04,75.72,3.87,93.29,72.85
EID003,Angie Henderson,Nurse,2024-11-05,86.98,1.75,91.68,85.57
EID003,Angie Henderson,Nurse,2024-11-06,82.66,4.01,96.47,72.37
EID003,Angie Henderson,Nurse,2024-11-07,80.16,0.18,93.9,90.61
EID003,Angie Henderson,Nurse,2024-11-08,81.28,1.47,90.67,90.45
EID003,Angie Henderson,Nurse,2024-11-09,70.29,1.39,96.44,93.0
EID003,Angie Henderson,Nurse,2024-11-10,83.28,2.46,98.13,94.24
EID003,Angie Henderson,Nurse,2024-11-11,76.63,4.53,96.57,83.4
EID003,Angie Henderson,Nurse,2024-11-12,86.84,1.47,88.56,75.71
EID003,Angie Henderson,Nurse,2024-11-13,86.07,0.46,88.86,90.03
EID003,Angie Henderson,Nurse,2024-11-14,82.97,0.2,97.21,96.6
EID003,Angie Henderson,Nurse,2024-11-15,94.04,3.47,84.86,70.39
EID003,Angie Henderson,Nurse,2024-11-16,94.6,4.72,92.15,93.74
EID003,Angie Henderson,Nurse,2024-11-17,72.39,1.25,85.36,78.4
EID003,Angie Henderson,Nurse,2024-11-18,83.18,3.22,85.73,75.68
EID003,Angie Henderson,Nurse,2024-11-19,97.57,2.62,97.89,70.43
EID003,Angie Henderson,Nurse,2024-11-20,72.46,4.11,86.79,85.74
EID003,Angie Henderson,Nurse,2024-11-21,96.71,0.16,89.54,80.47
EID003,Angie Henderson,Nurse,2024-11-22,78.43,4.06,89.07,74.75
EID003,Angie Henderson,Nurse,2024-11-23,93.32,0.93,97.64,78.78
EID003,Angie Henderson,Nurse,2024-11-24,91.2,3.95,87.65,93.22
EID003,Angie Henderson,Nurse,2024-11-25,74.01,3.99,84.68,70.67
EID003,Angie Henderson,Nurse,2024-11-26,74.46,2.0,84.99,74.96
EID003,Angie Henderson,Nurse,2024-11-27,82.81,2.56,98.12,80.66
EID003,Angie Henderson,Nurse,2024-11-28,81.59,4.8,88.23,89.62
EID003,Angie Henderson,Nurse,2024-11-29,99.38,2.76,98.35,72.45
EID003,Angie Henderson,Nurse,2024-11-30,89.76,1.76,88.54,87.92
EID003,Angie Henderson,Nurse,2024-12-01,88.31,3.63,96.18,79.68
EID003,Angie Henderson,Nurse,2024-12-02,91.87,4.59,94.68,70.48
EID003,Angie Henderson,Nurse,2024-12-03,82.94,2.14,93.2,73.15
EID003,Angie Henderson,Nurse,2024-12-04,92.48,1.45,93.14,95.97
EID003,Angie Henderson,Nurse,2024-12-05,79.6,1.41,98.85,86.64
EID003,Angie Henderson,Nurse,2024-12-06,84.42,0.72,81.35,90.06
EID003,Angie Henderson,Nurse,2024-12-07,88.41,1.51,80.81,89.05
EID003,Angie Henderson,Nurse,2024-12-08,88.94,0.38,92.3,71.12
EID003,Angie Henderson,Nurse,2024-12-09,76.99,0.72,82.41,86.4
EID003,Angie Henderson,Nurse,2024-12-10,80.41,0.66,89.08,90.28
EID003,Angie Henderson,Nurse,2024-12-11,98.02,2.88,97.51,77.75
EID003,Angie Henderson,Nurse,2024-12-12,83.32,1.94,96.36,91.02
EID003,Angie Henderson,Nurse,2024-12-13,75.26,1.63,88.07,88.13
EID003,Angie Henderson,Nurse,2024-12-14,71.32,0.56,88.51,93.21
EID003,Angie Henderson,Nurse,2024-12-15,99.64,0.16,91.99,75.27
EID003,Angie Henderson,Nurse,2024-12-16,76.1,0.25,99.68,85.91
EID003,Angie Henderson,Nurse,2024-12-17,70.32,3.49,90.65,88.34
EID003,Angie Henderson,Nurse,2024-12-18,82.69,0.72,99.19,74.3
EID003,Angie Henderson,Nurse,2024-12-19,98.93,1.51,95.47,82.93
EID003,Angie Henderson,Nurse,2024-12-20,79.48,1.26,95.74,99.16
EID003,Angie Henderson,Nurse,2024-12-21,80.62,4.96,94.05,70.92
EID003,Angie Henderson,Nurse,2024-12-22,89.2,3.08,85.56,85.28
EID003,Angie Henderson,Nurse,2024-12-23,94.13,2.87,83.64,90.6
EID003,Angie Henderson,Nurse,2024-12-24,80.13,3.99,88.34,77.25
EID003,Angie Henderson,Nurse,2024-12-25,78.6,3.99,82.91,91.19
EID003,Angie Henderson,Nurse,2024-12-26,76.56,1.79,97.07,73.73
EID003,Angie Henderson,Nurse,2024-12-27,70.77,1.29,93.38,90.09
EID003,Angie Henderson,Nurse,2024-12-28,77.28,1.48,95.07,80.98
EID003,Angie Henderson,Nurse,2024-12-29,93.78,3.44,99.67,82.58
EID003,Angie Henderson,Nurse,2024-12-30,82.28,0.31,90.87,88.38
EID003,Angie Henderson,Nurse,2024-12-31,82.57,4.07,87.86,97.88
EID004,Daniel Wagner,Nurse,2024-10-01,81.51,1.7,86.77,70.26
EID004,Daniel Wagner,Nurse,2024-10-02,98.29,4.89,87.29,98.02
EID004,Daniel Wagner,Nurse,2024-10-03,99.62,3.83,91.16,95.16
EID004,Daniel Wagner,Nurse,2024-10-04,84.26,1.82,82.89,98.49
EID004,Daniel Wagner,Nurse,2024-10-05,85.54,2.75,83.04,98.62
EID004,Daniel Wagner,Nurse,2024-10-06,72.25,1.46,94.38,77.58
EID004,Daniel Wagner,Nurse,2024-10-07,87.52,0.49,97.39,76.51
EID004,Daniel Wagner,Nurse,2024-10-08,88.74,0.5,92.98,72.71
EID004,Daniel Wagner,Nurse,2024-10-09,85.58,2.29,82.08,94.46
EID004,Daniel Wagner,Nurse,2024-10-10,74.85,0.16,89.52,97.04
EID004,Daniel Wagner,Nurse,2024-10-11,94.97,3.95,96.67,96.8
EID004,Daniel Wagner,Nurse,2024-10-12,79.49,3.67,91.85,94.6
EID004,Daniel Wagner,Nurse,2024-10-13,71.28,0.73,93.43,88.36
EID004,Daniel Wagner,Nurse,2024-10-14,70.57,4.61,85.62,91.04
EID004,Daniel Wagner,Nurse,2024-10-15,78.12,1.24,87.25,81.57
EID004,Daniel Wagner,Nurse,2024-10-16,96.11,4.45,94.42,91.39
EID004,Daniel Wagner,Nurse,2024-10-17,70.78,3.66,95.44,80.97
EID004,Daniel Wagner,Nurse,2024-10-18,76.86,1.89,99.18,80.57
EID004,Daniel Wagner,Nurse,2024-10-19,91.0,1.59,89.22,84.39
EID004,Daniel Wagner,Nurse,2024-10-20,99.06,1.31,90.07,97.49
EID004,Daniel Wagner,Nurse,2024-10-21,85.01,3.12,82.54,79.35
EID004,Daniel Wagner,Nurse,2024-10-22,87.8,3.3,85.69,87.51
EID004,Daniel Wagner,Nurse,2024-10-23,84.93,2.67,94.17,93.12
EID004,Daniel Wagner,Nurse,2024-10-24,84.38,0.75,94.66,76.3
EID004,Daniel Wagner,Nurse,2024-10-25,74.89,1.74,82.82,84.43
EID004,Daniel Wagner,Nurse,2024-10-26,89.36,3.44,94.02,98.71
EID004,Daniel Wagner,Nurse,2024-10-27,78.85,1.19,85.04,87.86
EID004,Daniel Wagner,Nurse,2024-10-28,88.2,3.26,90.82,94.95
EID004,Daniel Wagner,Nurse,2024-10-29,70.56,4.29,85.8,82.78
EID004,Daniel Wagner,Nurse,2024-10-30,79.57,1.14,99.99,81.22
EID004,Daniel Wagner,Nurse,2024-10-31,75.66,1.94,85.85,91.74
EID004,Daniel Wagner,Nurse,2024-11-01,95.93,3.05,87.38,97.1
EID004,Daniel Wagner,Nurse,2024-11-02,88.11,0.63,82.84,71.25
EID004,Daniel Wagner,Nurse,2024-11-03,79.03,1.54,98.86,88.63
EID004,Daniel Wagner,Nurse,2024-11-04,76.89,2.36,85.62,75.48
EID004,Daniel Wagner,Nurse,2024-11-05,96.36,4.66,81.51,87.06
EID004,Daniel Wagner,Nurse,2024-11-06,97.67,0.59,99.15,90.63
EID004,Daniel Wagner,Nurse,2024-11-07,95.85,3.86,95.63,96.64
EID004,Daniel Wagner,Nurse,2024-11-08,86.16,3.07,90.18,89.95
EID004,Daniel Wagner,Nurse,2024-11-09,93.33,2.4,89.9,75.92
EID004,Daniel Wagner,Nurse,2024-11-10,98.53,2.69,92.12,96.06
EID004,Daniel Wagner,Nurse,2024-11-11,86.76,2.76,96.99,74.7
EID004,Daniel Wagner,Nurse,2024-11-12,89.14,2.74,84.8,83.68
EID004,Daniel Wagner,Nurse,2024-11-13,87.41,1.46,87.78,82.63
EID004,Daniel Wagner,Nurse,2024-11-14,77.89,1.75,93.35,70.64
EID004,Daniel Wagner,Nurse,2024-11-15,74.38,4.78,97.85,77.67
EID004,Daniel Wagner,Nurse,2024-11-16,76.03,4.11,99.24,71.34
EID004,Daniel Wagner,Nurse,2024-11-17,79.53,4.24,86.01,96.49
EID004,Daniel Wagner,Nurse,2024-11-18,87.33,4.78,88.56,88.04
EID004,Daniel Wagner,Nurse,2024-11-19,89.26,4.49,88.01,89.13
EID004,Daniel Wagner,Nurse,2024-11-20,90.58,2.47,89.77,89.18
EID004,Daniel Wagner,Nurse,2024-11-21,79.75,4.76,87.62,76.4
EID004,Daniel Wagner,Nurse,2024-11-22,90.89,4.73,80.41,88.4
EID004,Daniel Wagner,Nurse,2024-11-23,89.43,4.1,87.0,83.28
EID004,Daniel Wagner,Nurse,2024-11-24,91.19,1.29,92.81,80.81
EID004,Daniel Wagner,Nurse,2024-11-25,97.6,2.68,89.5,94.67
EID004,Daniel Wagner,Nurse,2024-11-26,96.39,0.03,95.37,71.62
EID004,Daniel Wagner,Nurse,2024-11-27,70.86,4.66,92.81,71.32
EID004,Daniel Wagner,Nurse,2024-11-28,98.31,4.6,91.64,76.72
EID004,Daniel Wagner,Nurse,2024-11-29,74.59,1.35,94.75,92.9
EID004,Daniel Wagner,Nurse,2024-11-30,88.7,4.7,86.66,91.05
EID004,Daniel Wagner,Nurse,2024-12-01,84.78,3.17,95.08,73.78
EID004,Daniel Wagner,Nurse,2024-12-02,70.18,1.91,98.87,79.06
EID004,Daniel Wagner,Nurse,2024-12-03,71.84,4.58,90.54,94.35
EID004,Daniel Wagner,Nurse,2024-12-04,83.23,3.15,97.87,79.82
EID004,Daniel Wagner,Nurse,2024-12-05,98.67,0.62,86.64,91.04
EID004,Daniel Wagner,Nurse,2024-12-06,84.37,1.08,85.62,95.29
EID004,Daniel Wagner,Nurse,2024-12-07,74.18,0.28,80.77,91.77
EID004,Daniel Wagner,Nurse,2024-12-08,96.6,1.66,83.89,95.88
EID004,Daniel Wagner,Nurse,2024-12-09,79.69,0.5,99.22,99.43
EID004,Daniel Wagner,Nurse,2024-12-10,94.09,1.27,97.86,84.93
EID004,Daniel Wagner,Nurse,2024-12-11,84.54,4.57,80.89,77.35
EID004,Daniel Wagner,Nurse,2024-12-12,95.41,4.16,83.1,99.27
EID004,Daniel Wagner,Nurse,2024-12-13,98.21,3.1,89.07,95.15
EID004,Daniel Wagner,Nurse,2024-12-14,78.99,4.05,99.0,78.13
EID004,Daniel Wagner,Nurse,2024-12-15,87.44,4.48,96.78,71.45
EID004,Daniel Wagner,Nurse,2024-12-16,98.81,1.43,80.62,97.81
EID004,Daniel Wagner,Nurse,2024-12-17,99.07,0.35,90.03,85.02
EID004,Daniel Wagner,Nurse,2024-12-18,97.3,0.11,91.23,95.58
EID004,Daniel Wagner,Nurse,2024-12-19,73.21,4.08,86.85,99.36
EID004,Daniel Wagner,Nurse,2024-12-20,84.86,3.52,85.52,85.08
EID004,Daniel Wagner,Nurse,2024-12-21,94.85,0.58,92.87,86.64
EID004,Daniel Wagner,Nurse,2024-12-22,99.1,2.97,96.62,74.83
EID004,Daniel Wagner,Nurse,2024-12-23,85.41,4.46,91.73,86.11
EID004,Daniel Wagner,Nurse,2024-12-24,92.34,2.6,98.51,94.87
EID004,Daniel Wagner,Nurse,2024-12-25,91.96,0.81,98.47,92.75
EID004,Daniel Wagner,Nurse,2024-12-26,73.49,4.44,85.41,99.87
EID004,Daniel Wagner,Nurse,2024-12-27,70.3,0.47,94.95,75.46
EID004,Daniel Wagner,Nurse,2024-12-28,88.45,1.3,92.01,92.33
EID004,Daniel Wagner,Nurse,2024-12-29,75.14,4.47,93.47,97.93
EID004,Daniel Wagner,Nurse,2024-12-30,79.99,0.17,92.55,76.58
EID004,Daniel Wagner,Nurse,2024-12-31,72.77,2.34,96.55,90.82
EID005,Cristian Santos,Nurse,2024-10-01,92.33,3.15,82.85,81.73
EID005,Cristian Santos,Nurse,2024-10-02,93.65,1.45,80.87,84.44
EID005,Cristian Santos,Nurse,2024-10-03,84.36,0.32,84.54,75.36
EID005,Cristian Santos,Nurse,2024-10-04,90.65,3.28,96.5,75.41
EID005,Cristian Santos,Nurse,2024-10-05,74.44,4.65,94.09,78.74
EID005,Cristian Santos,Nurse,2024-10-06,86.96,0.1,86.79,80.01
EID005,Cristian Santos,Nurse,2024-10-07,96.18,2.62,91.85,72.05
EID005,Cristian Santos,Nurse,2024-10-08,74.1,3.61,98.18,71.61
EID005,Cristian Santos,Nurse,2024-10-09,98.03,2.73,95.65,72.84
EID005,Cristian Santos,Nurse,2024-10-10,74.43,2.3,86.6,80.19
EID005,Cristian Santos,Nurse,2024-10-11,94.17,0.96,87.42,95.26
EID005,Cristian Santos,Nurse,2024-10-12,74.49,0.53,82.97,74.52
EID005,Cristian Santos,Nurse,2024-10-13,89.49,3.97,80.69,96.44
EID005,Cristian Santos,Nurse,2024-10-14,91.99,4.35,94.7,94.24
EID005,Cristian Santos,Nurse,2024-10-15,75.86,2.37,90.44,96.08
EID005,Cristian Santos,Nurse,2024-10-16,70.2,4.8,86.1,70.46
EID005,Cristian Santos,Nurse,2024-10-17,87.83,1.2,89.36,83.28
EID005,Cristian Santos,Nurse,2024-10-18,70.18,3.73,91.89,82.75
EID005,Cristian Santos,Nurse,2024-10-19,97.03,3.73,84.52,77.21
EID005,Cristian Santos,Nurse,2024-10-20,93.73,2.85,91.56,99.6
EID005,Cristian Santos,Nurse,2024-10-21,93.2,4.95,80.17,94.83
EID005,Cristian Santos,Nurse,2024-10-22,88.36,1.41,83.88,79.19
EID005,Cristian Santos,Nurse,2024-10-23,76.94,1.0,86.1,73.38
EID005,Cristian Santos,Nurse,2024-10-24,83.8,3.38,88.26,93.49
EID005,Cristian Santos,Nurse,2024-10-25,92.36,0.39,95.23,99.36
EID005,Cristian Santos,Nurse,2024-10-26,90.15,0.52,91.13,78.78
EID005,Cristian Santos,Nurse,2024-10-27,91.25,0.25,92.5,96.22
EID005,Cristian Santos,Nurse,2024-10-28,87.8,3.86,90.0,81.9
EID005,Cristian Santos,Nurse,2024-10-29,93.25,1.94,99.51,74.07
EID005,Cristian Santos,Nurse,2024-10-30,85.79,3.98,96.44,93.17
EID005,Cristian Santos,Nurse,2024-10-31,92.24,2.88,91.57,77.7
EID005,Cristian Santos,Nurse,2024-11-01,80.64,3.37,88.26,99.39
EID005,Cristian Santos,Nurse,2024-11-02,91.73,2.31,83.04,96.97
EID005,Cristian Santos,Nurse,2024-11-03,74.46,4.12,81.73,99.19
EID005,Cristian Santos,Nurse,2024-11-04,91.22,2.17,80.85,97.94
EID005,Cristian Santos,Nurse,2024-11-05,79.76,3.07,87.52,71.29
EID005,Cristian Santos,Nurse,2024-11-06,75.92,1.91,96.75,74.18
EID005,Cristian Santos,Nurse,2024-11-07,90.5,3.28,82.31,74.63
EID005,Cristian Santos,Nurse,2024-11-08,89.7,3.64,86.38,70.58
EID005,Cristian Santos,Nurse,2024-11-09,77.58,4.7,88.08,93.05
EID005,Cristian Santos,Nurse,2024-11-10,70.33,1.62,94.29,96.22
EID005,Cristian Santos,Nurse,2024-11-11,86.94,3.4,85.54,74.92
EID005,Cristian Santos,Nurse,2024-11-12,74.86,0.61,94.17,98.15
EID005,Cristian Santos,Nurse,2024-11-13,87.32,4.6,89.34,79.4
EID005,Cristian Santos,Nurse,2024-11-14,70.03,1.14,84.92,89.48
EID005,Cristian Santos,Nurse,2024-11-15,83.25,4.28,96.0,83.08
EID005,Cristian Santos,Nurse,2024-11-16,75.56,1.48,86.7,96.02
EID005,Cristian Santos,Nurse,2024-11-17,87.4,3.18,84.16,80.17
EID005,Cristian Santos,Nurse,2024-11-18,97.35,3.57,90.69,78.53
EID005,Cristian Santos,Nurse,2024-11-19,71.7,4.21,91.11,78.51
EID005,Cristian Santos,Nurse,2024-11-20,72.74,0.42,88.81,74.12
EID005,Cristian Santos,Nurse,2024-11-21,88.52,1.47,86.53,94.5
EID005,Cristian Santos,Nurse,2024-11-22,75.53,2.6,81.72,79.03
EID005,Cristian Santos,Nurse,2024-11-23,94.32,4.34,84.42,98.85
EID005,Cristian Santos,Nurse,2024-11-24,95.46,4.2,91.02,82.14
EID005,Cristian Santos,Nurse,2024-11-25,83.13,0.3,80.05,86.28
EID005,Cristian Santos,Nurse,2024-11-26,80.87,1.1,94.0,87.39
EID005,Cristian Santos,Nurse,2024-11-27,75.67,3.47,83.57,94.05
EID005,Cristian Santos,Nurse,2024-11-28,80.64,2.98,98.45,82.18
EID005,Cristian Santos,Nurse,2024-11-29,78.58,0.52,86.33,73.39
EID005,Cristian Santos,Nurse,2024-11-30,78.9,0.99,88.12,85.56
EID005,Cristian Santos,Nurse,2024-12-01,70.44,2.84,80.72,71.69
EID005,Cristian Santos,Nurse,2024-12-02,72.21,2.65,89.19,73.55
EID005,Cristian Santos,Nurse,2024-12-03,93.4,1.68,85.97,89.12
EID005,Cristian Santos,Nurse,2024-12-04,97.73,2.32,94.92,97.28
EID005,Cristian Santos,Nurse,2024-12-05,74.92,2.36,95.46,94.81
EID005,Cristian Santos,Nurse,2024-12-06,73.38,3.83,93.81,75.81
EID005,Cristian Santos,Nurse,2024-12-07,70.37,0.84,99.71,92.0
EID005,Cristian Santos,Nurse,2024-12-08,72.99,2.65,89.1,93.96
EID005,Cristian Santos,Nurse,2024-12-09,88.81,4.75,97.66,87.37
EID005,Cristian Santos,Nurse,2024-12-10,91.98,0.72,89.17,96.08
EID005,Cristian Santos,Nurse,2024-12-11,73.42,4.15,89.93,80.42
EID005,Cristian Santos,Nurse,2024-12-12,78.24,1.82,95.44,95.73
EID005,Cristian Santos,Nurse,2024-12-13,74.1,3.3,90.76,78.61
EID005,Cristian Santos,Nurse,2024-12-14,93.9,1.41,86.93,82.81
EID005,Cristian Santos,Nurse,2024-12-15,86.33,0.56,88.57,71.79
EID005,Cristian Santos,Nurse,2024-12-16,92.36,3.74,89.13,97.07
EID005,Cristian Santos,Nurse,2024-12-17,75.71,0.6,84.57,83.88
EID005,Cristian Santos,Nurse,2024-12-18,96.71,3.51,94.11,89.0
EID005,Cristian Santos,Nurse,2024-12-19,70.07,0.84,94.49,83.17
EID005,Cristian Santos,Nurse,2024-12-20,77.43,1.92,91.45,92.55
EID005,Cristian Santos,Nurse,2024-12-21,99.0,1.44,83.67,88.17
EID005,Cristian Santos,Nurse,2024-12-22,76.22,1.33,94.87,83.94
EID005,Cristian Santos,Nurse,2024-12-23,73.61,4.12,81.41,96.23
EID005,Cristian Santos,Nurse,2024-12-24,94.22,1.22,90.51,90.79
EID005,Cristian Santos,Nurse,2024-12-25,97.16,0.06,88.52,79.89
EID005,Cristian Santos,Nurse,2024-12-26,89.63,3.69,99.29,90.17
EID005,Cristian Santos,Nurse,2024-12-27,82.28,3.34,94.52,80.11
EID005,Cristian Santos,Nurse,2024-12-28,82.36,0.22,90.79,79.4
EID005,Cristian Santos,Nurse,2024-12-29,85.97,3.88,90.6,83.93
EID005,Cristian Santos,Nurse,2024-12-30,93.52,0.96,85.69,98.59
EID005,Cristian Santos,Nurse,2024-12-31,92.19,3.13,84.43,78.83
EID006,Connie Lawrence,Nurse,2024-10-01,96.18,0.9,81.38,96.3
EID006,Connie Lawrence,Nurse,2024-10-02,98.71,1.21,85.45,95.08
EID006,Connie Lawrence,Nurse,2024-10-03,81.48,2.92,92.7,85.01
EID006,Connie Lawrence,Nurse,2024-10-04,74.08,0.28,84.07,83.38
EID006,Connie Lawrence,Nurse,2024-10-05,89.68,4.04,94.92,96.56
EID006,Connie Lawrence,Nurse,2024-10-06,95.14,0.48,94.92,81.07
EID006,Connie Lawrence,Nurse,2024-10-07,78.51,4.88,93.76,79.96
EID006,Connie Lawrence,Nurse,2024-10-08,79.46,2.76,83.63,75.25
EID006,Connie Lawrence,Nurse,2024-10-09,96.9,1.72,96.56,91.83
EID006,Connie Lawrence,Nurse,2024-10-10,82.44,4.28,91.28,79.33
EID006,Connie Lawrence,Nurse,2024-10-11,75.04,1.71,97.25,85.84
EID006,Connie Lawrence,Nurse,2024-10-12,98.7,3.74,90.25,89.83
EID006,Connie Lawrence,Nurse,2024-10-13,96.03,3.56,82.14,91.96
EID006,Connie Lawrence,Nurse,2024-10-14,91.35,3.73,93.93,98.77
EID006,Connie Lawrence,Nurse,2024-10-15,75.35,3.24,89.83,71.85
EID006,Connie Lawrence,Nurse,2024-10-16,72.33,2.22,97.76,72.49
EID006,Connie Lawrence,Nurse,2024-10-17,87.44,4.55,89.69,70.65
EID006,Connie Lawrence,Nurse,2024-10-18,83.38,2.64,84.41,96.66
EID006,Connie Lawrence,Nurse,2024-10-19,85.35,0.49,89.49,73.22
EID006,Connie Lawrence,Nurse,2024-10-20,75.04,2.67,97.95,88.54
EID006,Connie Lawrence,Nurse,2024-10-21,82.03,0.68,85.5,82.9
EID006,Connie Lawrence,Nurse,2024-10-22,91.79,4.15,91.0,88.15
EID006,Connie Lawrence,Nurse,2024-10-23,95.51,1.28,94.5,72.32
EID006,Connie Lawrence,Nurse,2024-10-24,75.74,3.69,81.86,83.45
EID006,Connie Lawrence,Nurse,2024-10-25,98.68,4.54,96.89,99.38
EID006,Connie Lawrence,Nurse,2024-10-26,86.89,4.19,83.1,74.74
EID006,Connie Lawrence,Nurse,2024-10-27,85.26,0.9,85.03,72.73
EID006,Connie Lawrence,Nurse,2024-10-28,77.76,1.58,97.32,71.72
EID006,Connie Lawrence,Nurse,2024-10-29,85.35,4.43,86.33,77.82
EID006,Connie Lawrence,Nurse,2024-10-30,81.6,1.52,87.7,78.51
EID006,Connie Lawrence,Nurse,2024-10-31,95.14,1.6,97.3,73.62
EID006,Connie Lawrence,Nurse,2024-11-01,80.98,3.72,94.47,71.7
EID006,Connie Lawrence,Nurse,2024-11-02,81.55,4.74,89.59,75.71
EID006,Connie Lawrence,Nurse,2024-11-03,83.03,0.99,95.3,96.89
EID006,Connie Lawrence,Nurse,2024-11-04,80.95,0.27,92.3,81.17
EID006,Connie Lawrence,Nurse,2024-11-05,78.25,0.7,99.8,85.64
EID006,Connie Lawrence,Nurse,2024-11-06,96.29,3.45,87.47,74.52
EID006,Connie Lawrence,Nurse,2024-11-07,98.76,4.67,88.28,88.78
EID006,Connie Lawrence,Nurse,2024-11-08,93.61,2.92,97.38,77.96
EID006,Connie Lawrence,Nurse,2024-11-09,96.76,4.06,82.54,93.18
EID006,Connie Lawrence,Nurse,2024-11-10,96.85,1.7,90.25,89.73
EID006,Connie Lawrence,Nurse,2024-11-11,91.44,3.06,93.74,70.07
EID006,Connie Lawrence,Nurse,2024-11-12,72.37,3.26,98.42,72.27
EID006,Connie Lawrence,Nurse,2024-11-13,71.67,0.21,98.16,73.78
EID006,Connie Lawrence,Nurse,2024-11-14,88.35,3.43,83.09,72.89
EID006,Connie Lawrence,Nurse,2024-11-15,79.76,0.06,95.08,79.52
EID006,Connie Lawrence,Nurse,2024-11-16,79.31,2.23,80.62,86.27
EID006,Connie Lawrence,Nurse,2024-11-17,84.57,3.89,94.49,90.81
EID006,Connie Lawrence,Nurse,2024-11-18,70.15,1.38,87.04,78.62
EID006,Connie Lawrence,Nurse,2024-11-19,96.14,2.71,95.0,90.23
EID006,Connie Lawrence,Nurse,2024-11-20,98.86,0.71,80.83,90.98
EID006,Connie Lawrence,Nurse,2024-11-21,84.3,2.3,90.04,97.74
EID006,Connie Lawrence,Nurse,2024-11-22,94.05,1.26,96.41,80.54
EID006,Connie Lawrence,Nurse,2024-11-23,98.63,1.48,83.1,81.25
EID006,Connie Lawrence,Nurse,2024-11-24,85.87,1.7,87.66,80.62
EID006,Connie Lawrence,Nurse,2024-11-25,92.63,4.03,96.84,76.68
EID006,Connie Lawrence,Nurse,2024-11-26,70.72,0.97,89.92,94.73
EID006,Connie Lawrence,Nurse,2024-11-27,85.41,2.93,98.23,89.35
EID006,Connie Lawrence,Nurse,2024-11-28,95.57,4.98,91.18,71.59
EID006,Connie Lawrence,Nurse,2024-11-29,84.16,2.87,85.18,72.84
EID006,Connie Lawrence,Nurse,2024-11-30,94.17,4.44,81.87,91.04
EID006,Connie Lawrence,Nurse,2024-12-01,74.59,2.66,87.61,77.97
EID006,Connie Lawrence,Nurse,2024-12-02,82.27,0.05,92.32,86.15
EID006,Connie Lawrence,Nurse,2024-12-03,71.22,0.22,83.6,70.73
EID006,Connie Lawrence,Nurse,2024-12-04,81.8,2.19,85.59,85.6
EID006,Connie Lawrence,Nurse,2024-12-05,97.46,0.03,99.74,93.96
EID006,Connie Lawrence,Nurse,2024-12-06,96.98,2.85,88.46,90.52
EID006,Connie Lawrence,Nurse,2024-12-07,78.49,2.56,83.43,82.52
EID006,Connie Lawrence,Nurse,2024-12-08,88.76,4.32,94.56,75.57
EID006,Connie Lawrence,Nurse,2024-12-09,93.7,2.05,97.27,78.08
EID006,Connie Lawrence,Nurse,2024-12-10,93.93,1.05,93.41,91.05
EID006,Connie Lawrence,Nurse,2024-12-11,95.87,3.02,97.06,96.67
EID006,Connie Lawrence,Nurse,2024-12-12,72.54,1.31,88.37,80.4
EID006,Connie Lawrence,Nurse,2024-12-13,92.52,4.42,81.71,71.98
EID006,Connie Lawrence,Nurse,2024-12-14,91.98,1.71,91.01,75.5
EID006,Connie Lawrence,Nurse,2024-12-15,79.13,1.11,97.42,97.41
EID006,Connie Lawrence,Nurse,2024-12-16,94.83,4.83,97.45,92.65
EID006,Connie Lawrence,Nurse,2024-12-17,73.21,3.02,87.59,85.76
EID006,Connie Lawrence,Nurse,2024-12-18,87.14,4.07,94.01,98.2
EID006,Connie Lawrence,Nurse,2024-12-19,97.74,1.72,82.53,76.66
EID006,Connie Lawrence,Nurse,2024-12-20,74.72,3.71,91.71,83.04
EID006,Connie Lawrence,Nurse,2024-12-21,84.59,2.44,80.82,70.34
EID006,Connie Lawrence,Nurse,2024-12-22,79.02,0.16,81.05,95.06
EID006,Connie Lawrence,Nurse,2024-12-23,80.46,4.21,93.6,86.77
EID006,Connie Lawrence,Nurse,2024-12-24,70.61,2.59,91.11,95.27
EID006,Connie Lawrence,Nurse,2024-12-25,89.91,1.6,81.84,73.74
EID006,Connie Lawrence,Nurse,2024-12-26,79.58,1.19,99.99,77.43
EID006,Connie Lawrence,Nurse,2024-12-27,95.75,0.4,84.65,90.47
EID006,Connie Lawrence,Nurse,2024-12-28,83.76,0.82,81.62,86.66
EID006,Connie Lawrence,Nurse,2024-12-29,72.12,4.44,94.85,79.27
EID006,Connie Lawrence,Nurse,2024-12-30,90.84,1.43,83.12,75.19
EID006,Connie Lawrence,Nurse,2024-12-31,85.19,1.83,94.25,77.67
EID007,Abigail Shaffer,Nurse,2024-10-01,82.31,3.85,96.22,88.76
EID007,Abigail Shaffer,Nurse,2024-10-02,71.48,3.49,88.99,96.35
EID007,Abigail Shaffer,Nurse,2024-10-03,93.01,0.56,88.22,91.62
EID007,Abigail Shaffer,Nurse,2024-10-04,89.1,3.97,98.16,92.06
EID007,Abigail Shaffer,Nurse,2024-10-05,70.13,4.74,83.07,72.72
EID007,Abigail Shaffer,Nurse,2024-10-06,92.13,4.4,96.54,89.49
EID007,Abigail Shaffer,Nurse,2024-10-07,85.66,0.12,88.72,87.36
EID007,Abigail Shaffer,Nurse,2024-10-08,83.47,3.63,87.69,92.98
EID007,Abigail Shaffer,Nurse,2024-10-09,86.34,3.69,86.77,79.69
EID007,Abigail Shaffer,Nurse,2024-10-10,87.14,4.83,87.99,87.05
EID007,Abigail Shaffer,Nurse,2024-10-11,94.7,1.11,82.17,85.42
EID007,Abigail Shaffer,Nurse,2024-10-12,86.64,4.33,83.21,78.46
EID007,Abigail Shaffer,Nurse,2024-10-13,92.2,2.98,92.56,86.2
EID007,Abigail Shaffer,Nurse,2024-10-14,71.15,0.31,91.04,83.32
EID007,Abigail Shaffer,Nurse,2024-10-15,83.21,0.16,85.94,99.51
EID007,Abigail Shaffer,Nurse,2024-10-16,85.27,1.84,95.12,90.41
EID007,Abigail Shaffer,Nurse,2024-10-17,85.0,2.92,81.61,88.97
EID007,Abigail Shaffer,Nurse,2024-10-18,96.41,4.01,80.8,86.53
EID007,Abigail Shaffer,Nurse,2024-10-19,85.86,2.3,91.35,88.23
EID007,Abigail Shaffer,Nurse,2024-10-20,73.62,3.43,92.95,73.87
EID007,Abigail Shaffer,Nurse,2024-10-21,82.34,1.99,98.43,91.75
EID007,Abigail Shaffer,Nurse,2024-10-22,94.66,2.11,92.26,79.87
EID007,Abigail Shaffer,Nurse,2024-10-23,95.88,1.59,94.1,86.14
EID007,Abigail Shaffer,Nurse,2024-10-24,75.24,3.63,84.94,72.95
EID007,Abigail Shaffer,Nurse,2024-10-25,73.05,3.36,82.78,74.42
EID007,Abigail Shaffer,Nurse,2024-10-26,97.94,3.14,87.44,77.1
EID007,Abigail Shaffer,Nurse,2024-10-27,92.94,1.99,83.76,93.69
EID007,Abigail Shaffer,Nurse,2024-10-28,89.97,0.79,84.81,81.01
EID007,Abigail Shaffer,Nurse,2024-10-29,77.29,3.92,84.86,80.41
EID007,Abigail Shaffer,Nurse,2024-10-30,93.44,3.53,95.61,89.29
EID007,Abigail Shaffer,Nurse,2024-10-31,86.97,4.22,91.16,91.59
EID007,Abigail Shaffer,Nurse,2024-11-01,71.05,4.42,95.43,83.29
EID007,Abigail Shaffer,Nurse,2024-11-02,99.84,4.83,96.72,91.28
EID007,Abigail Shaffer,Nurse,2024-11-03,87.56,3.47,90.98,79.99
EID007,Abigail Shaffer,Nurse,2024-11-04,93.0,0.3,88.75,95.59
EID007,Abigail Shaffer,Nurse,2024-11-05,96.4,1.03,84.4,94.75
EID007,Abigail Shaffer,Nurse,2024-11-06,91.4,1.89,93.53,79.01
EID007,Abigail Shaffer,Nurse,2024-11-07,76.42,1.91,89.86,87.33
EID007,Abigail Shaffer,Nurse,2024-11-08,91.57,3.09,92.2,78.89
EID007,Abigail Shaffer,Nurse,2024-11-09,94.92,4.66,97.55,96.35
EID007,Abigail Shaffer,Nurse,2024-11-10,85.78,4.87,90.4,95.9
EID007,Abigail Shaffer,Nurse,2024-11-11,73.03,3.72,80.42,92.93
EID007,Abigail Shaffer,Nurse,2024-11-12,93.35,2.87,89.14,78.41
EID007,Abigail Shaffer,Nurse,2024-11-13,87.18,0.78,83.26,82.28
EID007,Abigail Shaffer,Nurse,2024-11-14,85.49,2.33,92.49,76.75
EID007,Abigail Shaffer,Nurse,2024-11-15,99.76,0.62,96.09,99.33
EID007,Abigail Shaffer,Nurse,2024-11-16,72.58,0.48,84.68,72.7
EID007,Abigail Shaffer,Nurse,2024-11-17,78.74,3.76,93.5,73.02
EID007,Abigail Shaffer,Nurse,2024-11-18,81.01,1.49,82.13,82.37
EID007,Abigail Shaffer,Nurse,2024-11-19,92.58,3.07,86.89,95.41
EID007,Abigail Shaffer,Nurse,2024-11-20,84.13,2.44,96.0,87.71
EID007,Abigail Shaffer,Nurse,2024-11-21,78.55,1.43,95.66,94.16
EID007,Abigail Shaffer,Nurse,2024-11-22,90.73,4.02,94.85,81.32
EID007,Abigail Shaffer,Nurse,2024-11-23,73.2,4.16,99.29,79.47
EID007,Abigail Shaffer,Nurse,2024-11-24,78.69,0.28,93.24,77.83
EID007,Abigail Shaffer,Nurse,2024-11-25,79.43,0.71,89.88,77.67
EID007,Abigail Shaffer,Nurse,2024-11-26,72.6,3.08,97.35,88.51
EID007,Abigail Shaffer,Nurse,2024-11-27,94.64,1.96,86.17,88.94
EID007,Abigail Shaffer,Nurse,2024-11-28,85.19,0.44,87.56,92.29
EID007,Abigail Shaffer,Nurse,2024-11-29,80.3,3.52,96.43,96.08
EID007,Abigail Shaffer,Nurse,2024-11-30,72.67,3.8,87.04,97.34
EID007,Abigail Shaffer,Nurse,2024-12-01,74.83,3.69,98.23,99.33
EID007,Abigail Shaffer,Nurse,2024-12-02,98.64,4.33,84.81,78.44
EID007,Abigail Shaffer,Nurse,2024-12-03,76.59,0.31,95.85,80.66
EID007,Abigail Shaffer,Nurse,2024-12-04,77.88,1.55,95.28,98.28
EID007,Abigail Shaffer,Nurse,2024-12-05,79.47,0.16,94.58,85.98
EID007,Abigail Shaffer,Nurse,2024-12-06,85.3,0.73,95.68,87.85
EID007,Abigail Shaffer,Nurse,2024-12-07,92.97,4.79,87.01,86.89
EID007,Abigail Shaffer,Nurse,2024-12-08,77.01,0.69,91.34,90.14
EID007,Abigail Shaffer,Nurse,2024-12-09,95.98,0.66,92.89,72.03
EID007,Abigail Shaffer,Nurse,2024-12-10,86.53,4.09,85.43,91.8
EID007,Abigail Shaffer,Nurse,2024-12-11,83.68,2.88,84.4,72.99
EID007,Abigail Shaffer,Nurse,2024-12-12,76.35,4.31,81.41,86.75
EID007,Abigail Shaffer,Nurse,2024-12-13,71.04,1.81,82.85,79.06
EID007,Abigail Shaffer,Nurse,2024-12-14,98.52,3.72,93.05,80.18
EID007,Abigail Shaffer,Nurse,2024-12-15,99.64,0.12,96.09,93.84
EID007,Abigail Shaffer,Nurse,2024-12-16,85.58,4.19,85.13,89.07
EID007,Abigail Shaffer,Nurse,2024-12-17,81.34,4.58,98.13,83.77
EID007,Abigail Shaffer,Nurse,2024-12-18,79.39,1.9,82.64,75.36
EID007,Abigail Shaffer,Nurse,2024-12-19,82.24,2.89,86.94,72.73
EID007,Abigail Shaffer,Nurse,2024-12-20,78.77,0.81,80.44,86.82
EID007,Abigail Shaffer,Nurse,2024-12-21,76.05,2.62,86.96,90.16
EID007,Abigail Shaffer,Nurse,2024-12-22,71.0,2.19,93.19,77.58
EID007,Abigail Shaffer,Nurse,2024-12-23,81.97,0.24,98.13,84.32
EID007,Abigail Shaffer,Nurse,2024-12-24,89.54,3.48,81.92,75.47
EID007,Abigail Shaffer,Nurse,2024-12-25,88.37,0.07,89.46,93.98
EID007,Abigail Shaffer,Nurse,2024-12-26,82.4,1.41,91.91,76.79
EID007,Abigail Shaffer,Nurse,2024-12-27,98.02,0.31,87.26,76.65
EID007,Abigail Shaffer,Nurse,2024-12-28,87.71,1.42,85.08,96.95
EID007,Abigail Shaffer,Nurse,2024-12-29,75.37,2.6,85.27,83.11
EID007,Abigail Shaffer,Nurse,2024-12-30,81.63,0.13,91.57,94.02
EID007,Abigail Shaffer,Nurse,2024-12-31,75.09,3.04,80.29,85.2
