ticket_id,customer_id,issue_summary,status,tags,kb_reference,email_conversations
TICKbead6173,CUST54ABD474,"I am experiencing slow loading times when accessing the project management dashboard on NimbusCloud Solutions' platform, which is hindering productivity.",Closed,"['everybody', 'military', 'management']",False,Email exchange with Kristin Vance on 2024-03-29
TICK1d5aa3e6,CUST34F36A95,"I'm experiencing a significant slowdown in application performance across multiple devices, making it difficult to efficiently access my business data on NimbusCloud Solutions.",Resolved,"['within', 'history', 'several']",False,Email exchange with Stephanie Mack on 2024-07-25
TICK82a317f9,CUST2C89098F,"""I am experiencing a login issue where the system repeatedly denies access despite using the correct credentials.""",Resolved,"['pattern', 'individual', 'do']",True,Email exchange with Elizabeth Medina on 2024-07-25
TICK810d1bfe,CUST901FD851,I'm experiencing performance issues where the application frequently lags and crashes during peak usage times.,Pending,"['section', 'happen', 'hope']",True,Email exchange with Alan Wilson on 2024-01-28
TICK75a58024,CUSTB5F41345,"I am experiencing frequent downtime and slow performance with the cloud-based data analytics feature, impacting our team's ability to generate timely reports.",Closed,"['edge', 'high', 'goal']",True,Email exchange with Jill Lawrence on 2024-11-30
TICK85dc0340,CUST0704B64D,"I am experiencing slow loading times when accessing the dashboard on NimbusCloud Solutions' platform, which is affecting my ability to monitor real-time data efficiently.",Resolved,"['line', 'produce', 'voice']",True,Email exchange with Adrienne Austin on 2024-01-21
TICKdf28dd8a,CUST4F747B18,"I am experiencing a significant slowdown in performance when accessing our project management dashboard on NimbusCloud Solutions, which is affecting our team's workflow efficiency.",Resolved,"['guess', 'suffer', 'view']",True,Email exchange with Brandon Wheeler on 2024-10-19
TICKc0bba40d,CUSTDA1C01D6,"I am experiencing intermittent login issues where the system does not recognize my credentials, even though they are correctly entered.",Closed,"['key', 'break', 'join']",True,Email exchange with Stacey Acevedo on 2024-04-10
TICK669c62a0,CUST51918FA3,"I'm experiencing significant lag and slow performance when trying to access the analytics dashboard on NimbusCloud Solutions, which is affecting my ability to generate timely reports.",Pending,"['form', 'group', 'become']",False,Email exchange with Anthony Scott on 2024-03-09
TICK8d8891b2,CUST67ACB7BC,"I'm experiencing intermittent login issues where the system sporadically fails to authenticate my credentials, causing delays in accessing our critical business applications.",Resolved,"['live', 'public', 'artist']",True,Email exchange with Tammy Underwood on 2024-03-17
TICK91114383,CUSTF0EC5885,"I am experiencing a performance issue where the dashboard takes an unusually long time to load, affecting my productivity.",Open,"['product', 'discuss', 'grow']",True,Email exchange with Dr. Lisa Buchanan on 2024-04-09
TICKd347cc36,CUSTDA1C01D6,I'm experiencing constant timeouts and slow performance while accessing the project management dashboard on NimbusCloud Solutions.,Closed,"['subject', 'feel', 'word']",True,Email exchange with Emily Munoz on 2024-01-24
TICK1b734ec5,CUST79E9A35F,I am unable to log into the NimbusCloud Solutions portal as it keeps displaying a 'server error' message after entering my credentials.,Closed,"['father', 'us', 'civil']",True,Email exchange with Julie Patel on 2024-05-10
TICK1dce9fec,CUST4B1B72F0,I'm experiencing performance issues with slow loading times when accessing our client data dashboard on NimbusCloud Solutions.,Resolved,"['short', 'these', 'idea']",True,Email exchange with Lisa Freeman on 2024-10-24
TICK267569bf,CUST4C3301F9,"""The dashboard on NimbusCloud Solutions is loading extremely slowly and sometimes fails to display the full content, hindering our team's workflow efficiency.""",Resolved,"['most', 'school', 'public']",True,Email exchange with Donna Carr on 2024-08-10
TICKe296f411,CUST30DDC17A,"The dashboard feature in NimbusCloud Solutions is frequently timing out and failing to load, impacting our ability to analyze real-time data effectively.",Open,"['book', 'drug', 'wear']",False,Email exchange with Gregory Morris on 2024-03-15
TICK0f1bf97d,CUST4C3301F9,"""I'm experiencing significantly slow load times when accessing our dashboard on NimbusCloud Solutions.""",Open,"['develop', 'form', 'year']",True,Email exchange with James Shaffer on 2024-11-14
TICK43f0e3f2,CUST4A6F760F,"I'm experiencing intermittent connectivity issues while trying to access essential features on the NimbusCloud Solutions platform, affecting my workflow efficiency.",Open,"['across', 'artist', 'blue']",False,Email exchange with Tyrone Jacobs on 2024-07-30
TICK1e599f51,CUST03728457,"I am experiencing intermittent login issues where I am unable to access my account on NimbusCloud Solutions, receiving an error message stating ""Login Service Unavailable.""",Pending,"['reason', 'process', 'but']",True,Email exchange with Edwin Carlson on 2024-08-27
TICK07cb50a8,CUSTE6CD40B1,"Our team is experiencing frequent login issues with NimbusCloud Solutions, where the authentication process fails intermittently, preventing us from accessing essential features.",Pending,"['your', 'fact', 'anyone']",False,Email exchange with James Ferrell on 2023-12-05
TICK152314c9,CUST39F6AD14,I'm encountering frequent performance lags and unresponsiveness while using the analytics dashboard on NimbusCloud Solutions' platform.,Pending,"['similar', 'purpose', 'eye']",True,Email exchange with Andrew Thompson on 2024-08-05
TICK581c777f,CUST8D7383C6,"I'm experiencing slow load times on the NimbusCloud Solutions dashboard, which is impacting my ability to efficiently manage my workflows.",Pending,"['of', 'person', 'security']",True,Email exchange with Kurt Bass on 2024-10-30
TICK07ffd02d,CUST437BC57D,"I'm experiencing a performance issue where the application is loading very slowly, causing delays in my workflow.",Closed,"['class', 'yeah', 'message']",False,Email exchange with Monica Murphy on 2024-02-24
TICK1b2b5615,CUST483197A8,"I'm experiencing intermittent login issues where the system frequently logs me out unexpectedly, disrupting my workflow.",Resolved,"['yeah', 'particularly', 'of']",True,Email exchange with Kathryn Ayala on 2024-02-12
TICKdd0a73d3,CUSTFA9D068F,"I'm experiencing intermittent login failures where the system occasionally doesn't recognize my credentials, even though they are correct, resulting in repeated login attempts.",Closed,"['drive', 'goal', 'benefit']",True,Email exchange with Connie Baker on 2024-01-12
TICK1c6c8600,CUST09BCE76F,I'm experiencing slow performance and frequent timeouts when trying to access my dashboard on NimbusCloud Solutions.,Pending,"['then', 'some', 'girl']",False,Email exchange with Laura Good on 2024-02-07
TICK043a0f2a,CUSTB9EC626D,"I'm experiencing frequent login failures with my NimbusCloud Solutions account, where I'm continually prompted to reset my password even though I'm entering the correct credentials.",Open,"['kitchen', 'study', 'so']",False,Email exchange with Dawn Haynes on 2024-04-21
TICK558d17e9,CUSTD2F1D64F,"""Experiencing intermittent login failures with the NimbusCloud dashboard, which are impacting my ability to access cloud-based resources efficiently.""",Resolved,"['benefit', 'stage', 'buy']",True,Email exchange with Robert Carter on 2024-01-19
TICKb52eca06,CUSTB2314455,"I'm unable to log into my NimbusCloud Solutions account due to a recurring error message saying 'Server Unavailable', impacting my ability to access critical business applications.",Closed,"['international', 'expert', 'bed']",False,Email exchange with Karina Graves on 2024-10-25
TICKd8c0a277,CUST97BB359E,"I'm experiencing a performance slowdown in the dashboard analytics feature on NimbusCloud Solutions, causing delays in loading reports.",Resolved,"['current', 'party', 'here']",True,Email exchange with William Thompson on 2024-09-20
TICKc6c32ede,CUST8238A6C4,"I'm experiencing a performance issue where the system slows down significantly during peak usage hours, making it difficult to access certain features efficiently.",Open,"['state', 'imagine', 'instead']",False,Email exchange with Miss Christine Callahan on 2024-04-11
TICK61b6b2e5,CUST5F5464AD,"I'm experiencing intermittent login failures where the dashboard either takes too long to load or fails to authenticate, impacting my ability to access necessary tools and features promptly.",Pending,"['operation', 'either', 'company']",False,Email exchange with Wendy Ramos on 2024-05-27
TICK972d70ac,CUSTC5F6E88E,"I'm experiencing intermittent login failures when attempting to access the dashboard, which disrupts my ability to manage projects effectively.",Closed,"['figure', 'tough', 'nearly']",False,Email exchange with Luke Strickland on 2024-02-04
TICKfb8f19ca,CUST92737C69,"I'm experiencing a performance issue where loading times for the dashboard on NimbusCloud Solutions are excessively long, impacting my workflow efficiency.",Open,"['up', 'else', 'hour']",True,Email exchange with Joshua Sweeney on 2024-03-17
TICK7f8325c1,CUST830A7153,"I'm experiencing a significant delay in processing data queries, which is impacting the overall performance and usability of the service during peak business hours.",Closed,"['why', 'experience', 'upon']",True,Email exchange with Daniel Woods on 2024-10-23
TICK567aea2e,CUST29735459,I am experiencing slow performance and frequent timeouts when trying to access the dashboard on NimbusCloud Solutions' platform.,Resolved,"['score', 'woman', 'material']",True,Email exchange with Nicole Collier on 2024-05-11
TICK6df4b8c3,CUSTA756B775,I'm experiencing a login issue where my credentials are repeatedly rejected despite being correct.,Pending,"['event', 'director', 'billion']",False,Email exchange with Timothy Shelton on 2024-03-24
TICK3ed6e022,CUSTE7EF8593,"""Experiencing significant lag and slow response times while accessing the project management dashboard on NimbusCloud Solutions.""",Pending,"['make', 'side', 'beyond']",False,Email exchange with Cynthia Spencer on 2024-08-18
TICK0df1806b,CUST090D0311,I'm experiencing frequent login issues where the system fails to authenticate my credentials on the NimbusCloud Solutions platform.,Closed,"['authority', 'woman', 'thought']",False,Email exchange with Erica Davis on 2024-10-26
TICK5a95395e,CUST680580D8,"Experiencing a recurring error message when attempting to upload documents to the Cloud Storage feature, resulting in failed uploads and unresolved technical issues.",Pending,"['exactly', 'also', 'century']",False,Email exchange with Dr. John Mccann on 2024-10-03
TICK2928eae9,CUST37A39EB2,I'm experiencing intermittent connectivity issues that seem to disrupt my team's ability to access core features within NimbusCloud's SaaS interface.,Open,"['account', 'safe', 'hold']",False,Email exchange with Matthew Ashley on 2024-05-22
TICK7c82ffcb,CUST6D0ED51F,I am experiencing slow performance during peak hours when using NimbusCloud Solutions' dashboards and reporting features.,Resolved,"['foreign', 'science', 'product']",True,Email exchange with Marc Martinez on 2024-11-11
TICKa31c0b18,CUSTBF3CA80C,I am experiencing intermittent performance issues with the dashboard where data analytics fail to load promptly on NimbusCloud Solutions.,Closed,"['administration', 'particular', 'fine']",True,Email exchange with Veronica Williams on 2024-02-03
TICK5cc594ae,CUST2350C5FA,"I am experiencing intermittent login issues where the system frequently fails to authenticate my credentials, disrupting my access to essential services.",Pending,"['feeling', 'recently', 'someone']",True,Email exchange with Tonya Brandt on 2024-07-08
TICK42e3f302,CUST37A39EB2,"I'm experiencing performance problems with NimbusCloud Solutions, where the application frequently lags and sometimes fails to load dashboards correctly.",Closed,"['term', 'get', 'country']",False,Email exchange with Andrew Rodriguez on 2024-08-13
TICK98a11ffc,CUST3CD8A1FE,"I am experiencing frequent timeouts and slow response times when accessing the dashboard, which is affecting my ability to generate reports efficiently on NimbusCloud Solutions.",Pending,"['rise', 'language', 'let']",False,Email exchange with Jason Thomas on 2023-12-28
TICK07d38751,CUSTAA5B02DB,I'm facing a persistent login issue where the system frequently logs me out unexpectedly during active sessions.,Open,"['agree', 'less', 'life']",True,Email exchange with Carl Moore on 2024-11-11
TICK982c6b30,CUST9A50E6B2,"Our team at Weaver, Morgan and Tran is experiencing intermittent login issues where users are unable to access their accounts on NimbusCloud Solutions, receiving unexpected error messages despite entering correct credentials.",Open,"['trouble', 'head', 'save']",False,Email exchange with Joel Barrett on 2024-05-10
TICKd4accbf0,CUSTBC3ACEB4,"I'm experiencing intermittent login issues when trying to access NimbusCloud Solutions' dashboard, where the system occasionally fails to authenticate my credentials despite entering them correctly.",Resolved,"['religious', 'school', 'throughout']",False,Email exchange with Michael Murphy on 2024-08-07
TICK74bc3188,CUSTA5D161A3,"I'm experiencing frequent login timeouts while trying to access the analytics dashboard on NimbusCloud Solutions, which disrupts my workflow.",Open,"['down', 'fact', 'care']",False,Email exchange with Monique Evans on 2024-07-18
TICK5fa62f85,CUST529A81CC,I am experiencing a recurring issue where the dashboard on NimbusCloud Solutions loads very slowly and sometimes fails to display certain widgets altogether.,Open,"['material', 'speak', 'beautiful']",False,Email exchange with Kelly Green on 2023-12-15
TICKdabdbd92,CUST92528D5A,"Our team is experiencing intermittent login failures when trying to access the NimbusCloud platform, despite entering correct credentials.",Resolved,"['mean', 'likely', 'before']",False,Email exchange with Brian Schmidt on 2024-08-09
TICK18486ac9,CUST3B2F138C,"I'm experiencing a problem where the dashboard feature in NimbusCloud Solutions is not loading data correctly, causing delays in accessing important metrics.",Open,"['than', 'now', 'force']",False,Email exchange with Shelby Torres on 2024-06-11
TICKe4986c31,CUST68AE5932,I am experiencing frequent login timeouts and slow load times while accessing the NimbusCloud Solutions dashboard.,Resolved,"['make', 'remember', 'serious']",True,Email exchange with Dalton Cox on 2024-05-19
TICKb8eb604d,CUST2ED879C8,I am experiencing persistent login failures despite entering correct credentials on the NimbusCloud Solutions platform.,Closed,"['tough', 'camera', 'walk']",False,Email exchange with Cassidy Ballard on 2024-05-19
TICKd4dedda7,CUST723F99C9,"I'm experiencing intermittent login failures when trying to access my dashboard, which seems to be affecting productivity.",Closed,"['with', 'for', 'because']",True,Email exchange with Cory Bowman on 2024-01-15
TICK51c46699,CUSTC7623D18,"I'm experiencing intermittent login issues where the system prompts that my credentials are incorrect, even though they are entered correctly.",Resolved,"['option', 'result', 'give']",False,Email exchange with Amy Gray on 2024-02-04
TICKd4d43d77,CUSTB9EC626D,"I am experiencing a significant delay when trying to load the dashboard after logging into NimbusCloud Solutions, which is affecting my ability to access critical features efficiently.",Pending,"['could', 'change', 'space']",False,Email exchange with Derrick Sims on 2024-10-05
TICK4e712998,CUST8C0ED80E,Facing slow performance and frequent timeouts when accessing the analytics dashboard on NimbusCloud's platform.,Open,"['material', 'little', 'form']",True,Email exchange with Timothy Bean on 2024-07-09
TICK01843863,CUSTA06A5900,I am experiencing a login issue where I repeatedly receive an error message indicating incorrect credentials despite using the correct information.,Pending,"['voice', 'performance', 'make']",False,Email exchange with Stephen Smith on 2024-10-22
TICKfc58eb5f,CUST2B647D32,"I'm experiencing performance issues with sluggish load times on the NimbusCloud dashboard, which is affecting our team's productivity.",Pending,"['bill', 'history', 'collection']",True,Email exchange with Leah Weber on 2024-05-26
TICKc0194a72,CUST7365FCB3,"I'm experiencing intermittent login issues where the system sometimes fails to authenticate my credentials, despite entering them correctly.",Pending,"['question', 'agency', 'wish']",False,Email exchange with Matthew Martin on 2024-06-29
TICKd3814afb,CUST738E2EE5,"I'm experiencing intermittent login issues where the system occasionally does not recognize my credentials, especially during peak usage times.",Open,"['either', 'medical', 'including']",True,Email exchange with Mr. Matthew Larson on 2024-02-05
TICK87062777,CUSTF7357EA4,"I'm experiencing slow response times when accessing our client dashboard on NimbusCloud Solutions, affecting our team's productivity.",Closed,"['world', 'realize', 'its']",True,Email exchange with Justin Allen on 2024-10-24
TICK27edff3a,CUSTBC0352E8,I'm experiencing slow performance when accessing the analytics dashboard on NimbusCloud Solutions.,Pending,"['born', 'bag', 'well']",False,Email exchange with Stacey Howard on 2024-03-06
TICK7c7ac2a5,CUSTE6F75922,"I'm experiencing extremely slow performance when trying to access the dashboard on NimbusCloud Solutions, causing major delays in my workflow.",Resolved,"['word', 'rise', 'government']",False,Email exchange with Sandy Hernandez on 2024-02-01
TICK3a1be5c0,CUSTE75F41BE,I'm experiencing frequent timeouts and slow performance when accessing the dashboard of our project management application on NimbusCloud Solutions.,Pending,"['building', 'firm', 'forget']",True,Email exchange with John Griffin on 2024-10-11
TICK5d166365,CUST04ACB2D6,"I'm experiencing significant lag and slow loading times when accessing the dashboard feature on NimbusCloud Solutions, impacting my ability to efficiently manage and analyze data.",Resolved,"['standard', 'always', 'true']",False,Email exchange with Daniel Murray on 2024-08-26
TICKbc16082e,CUST901FD851,"I'm experiencing a login issue where the system repeatedly redirects me to the login page after entering my credentials, preventing access to the dashboard.",Closed,"['bill', 'seek', 'civil']",True,Email exchange with Carla Walker on 2024-04-08
TICK941af04a,CUST95C4F854,"I'm experiencing intermittent login issues where the system fails to authenticate my credentials, despite them being correct, causing disruptions in accessing our service portals.",Closed,"['environmental', 'speak', 'high']",False,Email exchange with Donald Robinson on 2024-03-11
TICK956b9fac,CUST1C1D3E1B,"I'm experiencing intermittent access issues with the project management feature, where it frequently logs me out unexpectedly.",Closed,"['idea', 'fight', 'find']",True,Email exchange with Julia Anderson on 2024-01-01
TICK715fa7b4,CUST2535200A,"Our team at Chavez LLC is experiencing significant performance delays when accessing real-time analytics on the NimbusCloud Solutions platform, which is affecting our workflow and productivity.",Pending,"['land', 'character', 'fire']",True,Email exchange with Jerry Chandler on 2023-12-17
TICK49d3247e,CUSTD095F321,"I am experiencing a technical issue where the login process is extremely slow and sometimes fails to authenticate, impacting my ability to access necessary features of NimbusCloud Solutions.",Open,"['to', 'foot', 'management']",True,Email exchange with Amber Carroll on 2024-10-16
TICK07de216d,CUST2CBCAC6B,"I am experiencing intermittent login failures on the NimbusCloud Solutions platform, which disrupts my ability to access essential features and tools needed for my workflow.",Closed,"['eye', 'whose', 'contain']",True,Email exchange with Mary Ray on 2024-07-16
TICK70b24574,CUST94EED2A7,"We are experiencing intermittent login failures with NimbusCloud Solutions, where users, including myself, are unable to access our accounts despite entering the correct credentials.",Resolved,"['affect', 'break', 'age']",True,Email exchange with Marco Mayer on 2024-04-10
TICKc6139d39,CUSTB9EC626D,"I'm experiencing a significant delay when trying to log into my account on NimbusCloud Solutions, affecting my ability to access essential features efficiently.",Pending,"['finish', 'hope', 'notice']",True,Email exchange with Kyle Orozco on 2024-07-03
TICK14251786,CUST80C3EE09,"I am experiencing intermittent login issues where I am unable to access my account on NimbusCloud Solutions, even when using the correct credentials.",Open,"['nation', 'forget', 'participant']",True,Email exchange with Andres Cook on 2024-10-09
TICK01e9da0e,CUSTA5D161A3,"I am experiencing intermittent login failures when trying to access my account on NimbusCloud Solutions, causing disruptions in my workflow.",Closed,"['region', 'work', 'who']",False,Email exchange with Edwin Myers on 2024-11-24
TICK5017c158,CUSTF38158B4,"""I am experiencing slow performance and frequent timeouts when trying to access the project management module in our NimbusCloud Solutions account.""",Closed,"['onto', 'again', 'exist']",False,Email exchange with Omar Potter on 2024-08-03
TICKa0e2cd19,CUST58898BFD,"I am experiencing intermittent login issues where the system occasionally fails to authenticate my credentials, preventing access to my account.",Pending,"['despite', 'increase', 'marriage']",False,Email exchange with Sarah Wright on 2024-09-03
TICK5a6b4e8e,CUST3C230831,"""As a Park Inc client using NimbusCloud Solutions, I am experiencing a performance issue where our application's response time is significantly delayed, affecting user productivity.""",Pending,"['standard', 'instead', 'over']",True,Email exchange with Jill Ibarra on 2024-01-14
TICKa6e74709,CUST220D4A39,"""I am experiencing intermittent login issues with NimbusCloud Solutions, where the system frequently fails to authenticate my credentials despite using the correct login information.""",Pending,"['matter', 'against', 'edge']",True,Email exchange with Jesse Huerta on 2024-10-10
TICK36b4e59b,CUST723F99C9,"I'm experiencing a performance issue with NimbusCloud Solutions where the application is running unusually slow during peak business hours, affecting our workflow efficiency.",Resolved,"['camera', 'conference', 'even']",False,Email exchange with Keith Moss on 2024-08-23
TICKe489c14c,CUST455B1416,I am experiencing frequent login timeouts and sluggish performance when trying to access our team's dashboard on NimbusCloud Solutions.,Open,"['list', 'same', 'down']",False,Email exchange with Manuel Wilson on 2024-03-23
TICKd57d7a0a,CUSTF0EC5885,"I am experiencing intermittent login failures where I am unable to access my NimbusCloud Solutions account, which affects my ability to manage my projects efficiently.",Resolved,"['food', 'simple', 'challenge']",False,Email exchange with Victoria Wright on 2024-05-16
TICKafd89dbd,CUSTFA9BFF53,I'm experiencing frequent login failures and delays when trying to access my dashboard on NimbusCloud Solutions.,Open,"['board', 'technology', 'strong']",False,Email exchange with Patricia Jenkins on 2024-01-09
TICK44b27b4b,CUST3C230831,"As a customer using NimbusCloud Solutions, I am experiencing a technical issue where the dashboard intermittently fails to load, causing disruptions in accessing key features and affecting overall workflow productivity.",Closed,"['meeting', 'leave', 'economy']",False,Email exchange with Patricia Liu on 2024-08-31
TICK8f99af3f,CUST097A801F,"I'm experiencing a persistent login issue where my credentials are repeatedly rejected, even though I'm certain they are correct.",Pending,"['last', 'collection', 'tree']",True,Email exchange with Brian Taylor III on 2024-09-27
TICKa92537f4,CUST1216E395,"I'm experiencing intermittent login issues where my credentials are not recognized, preventing access to essential features needed for work.",Pending,"['kid', 'know', 'particular']",False,Email exchange with Rebekah Allen on 2024-10-12
TICKd8330344,CUST58898BFD,"As a customer named Michael Walker from Stevens PLC using NimbusCloud Solutions, I am experiencing intermittent login issues where the system fails to authenticate my credentials, causing delays in accessing our cloud-based applications.",Closed,"['win', 'father', 'factor']",True,Email exchange with Michael Walker on 2024-01-12
TICK2301fe27,CUSTB4D6DA31,"I am experiencing slow performance when attempting to access the analytics dashboard, with pages taking an unusually long time to load.",Closed,"['few', 'center', 'bill']",True,Email exchange with Cynthia Williams on 2024-07-07
TICKa47342ad,CUST3CD8A1FE,I'm experiencing slow performance and frequent timeouts when trying to access the dashboard on NimbusCloud Solutions' platform.,Pending,"['production', 'country', 'reflect']",True,Email exchange with Mary Stephens on 2024-05-26
TICK1db858bd,CUST2ED879C8,"I am experiencing frequent login failures with NimbusCloud Solutions, despite entering the correct credentials multiple times.",Resolved,"['court', 'carry', 'enter']",True,Email exchange with Carrie Harrison on 2024-09-30
TICKba7d90f9,CUST3952F1E6,"I am experiencing frequent login failures when trying to access my account on the NimbusCloud Solutions platform, despite using the correct credentials, which disrupts my workflow.",Pending,"['appear', 'usually', 'within']",False,Email exchange with Jermaine Cruz on 2024-06-11
TICK30f2b5f7,CUST437BC57D,"I'm Darren Black from Lewis-Ferguson and I'm experiencing an issue where the login page for NimbusCloud Solutions takes an unusually long time to load, affecting my ability to access the services efficiently.",Open,"['attorney', 'part', 'risk']",False,Email exchange with Darren Black on 2024-04-03
TICKe73d7b1e,CUSTF38158B4,"I'm experiencing frequent login timeouts when attempting to access the NimbusCloud dashboard, which affects my ability to manage our cloud resources effectively.",Closed,"['free', 'brother', 'above']",False,Email exchange with Jason Chase on 2024-02-16
TICK362bb286,CUSTB8AB39DE,"I'm experiencing intermittent downtime and slow response times with the NimbusCloud Solutions platform, affecting our team's ability to access critical applications.",Open,"['type', 'beyond', 'share']",True,Email exchange with Brandon Cannon on 2024-08-24
TICK126ce5ba,CUST75CD3826,We are experiencing intermittent login issues where some team members are unable to access their accounts on NimbusCloud Solutions despite using correct credentials.,Pending,"['heart', 'sense', 'water']",False,Email exchange with Courtney Ferguson on 2024-08-03
TICKf4fc2aa6,CUSTC5F6E88E,"I am experiencing frequent login timeouts when trying to access my dashboard on NimbusCloud Solutions, which disrupts my workflow.",Open,"['whom', 'area', 'ability']",True,Email exchange with Cody Burgess on 2024-02-15
TICK6a8e9f3f,CUST8238A6C4,"""I am experiencing a significant lag when trying to access various features on NimbusCloud Solutions, causing delays in my workflow.""",Closed,"['paper', 'tend', 'then']",False,Email exchange with David Gonzalez on 2024-02-05
TICKee7d6f24,CUST480ED314,"Subject: Urgent: Slow System Performance Affecting Productivity

Hello NimbusCloud Support Team,

I hope this message finds you well. I am currently experiencing significant performance issues while using your services at NimbusCloud Solutions. Specifically, the system response times have been exceedingly slow, causing delays and interruptions in our daily operations. This issue has been persistent for the past few days and is affecting our team's productivity.

Could you please look into this matter at your earliest convenience? If there are any updates or immediate actions we can take from our side to alleviate the problem, your guidance would be greatly appreciated.

Thank you for your attention and assistance.

Best regards,

Gregory Castillo
Martinez, Crawford, and Salazar",Open,"['either', 'reflect', 'begin']",False,Email exchange with Gregory Castillo on 2024-01-07
TICKd003031d,CUST0254363E,I'm experiencing a significant performance lag when trying to access real-time analytics dashboards on NimbusCloud Solutions.,Open,"['next', 'answer', 'exactly']",True,Email exchange with Erin Rogers on 2024-07-23
TICKec3faadd,CUST6D1509A6,"As a customer, I am experiencing intermittent login failures with NimbusCloud Solutions, where the system occasionally does not recognize valid credentials.",Open,"['former', 'couple', 'their']",True,Email exchange with Mark Clay on 2023-12-16
TICK1770e504,CUST8C0ED80E,"As a customer of NimbusCloud Solutions, I am experiencing performance problems where the platform frequently lags, causing delays in accessing crucial features needed for my business operations.",Closed,"['reach', 'mention', 'late']",False,Email exchange with Katherine Williamson on 2024-11-14
TICK14b84802,CUSTAD048087,"I am experiencing frequent login connection errors with NimbusCloud Solutions, making it difficult to access my account and its services intermittently.",Resolved,"['benefit', 'follow', 'debate']",True,Email exchange with Gregory Reynolds on 2024-06-14
TICKb49d3164,CUST3CD8A1FE,I am experiencing performance issues with slow loading times when trying to access patient data on the NimbusCloud Solutions platform.,Closed,"['season', 'day', 'each']",True,Email exchange with Barbara Smith DDS on 2024-07-21
TICK2fdbf94f,CUSTE26EBC7B,"I'm experiencing significant delays when trying to access the dashboard, which affects my ability to monitor real-time data efficiently.",Closed,"['with', 'run', 'one']",False,Email exchange with Stephen Johnson on 2024-07-14
TICK227463a4,CUST95C4F854,"The dashboard on NimbusCloud Solutions is not loading properly, causing delays in accessing necessary data for project management.",Resolved,"['wife', 'compare', 'long']",False,Email exchange with Mary Simmons on 2024-04-29
TICK3a3ee3b9,CUST4A6F760F,"""Experiencing intermittent login issues where the system fails to authenticate credentials, resulting in access denial.""",Closed,"['outside', 'seem', 'mind']",False,Email exchange with Frank Brown on 2024-12-01
TICK8bcfc227,CUST7A5ABDB1,"I am experiencing intermittent login failures when trying to access my account on NimbusCloud Solutions, which disrupts my workflow and requires frequent retries.",Open,"['defense', 'though', 'argue']",True,Email exchange with Denise Cowan MD on 2024-06-24
TICK5a70c0d0,CUST1216E395,"As a customer using NimbusCloud Solutions, I am experiencing a persistent login issue where the system repeatedly logs me out after I attempt to access the dashboard.",Resolved,"['four', 'yes', 'pretty']",False,Email exchange with Erin Miller on 2024-02-02
TICK81f40e8c,CUSTE7B16055,"We are experiencing intermittent login failures when trying to access the NimbusCloud Solutions platform, causing disruption to our daily operations.",Pending,"['effect', 'way', 'score']",False,Email exchange with Mrs. Laura Taylor on 2024-06-14
TICK37c9a506,CUSTE1A86F48,Experiencing frequent login timeouts and slow loading times when accessing the dashboard on NimbusCloud Solutions.,Open,"['south', 'prepare', 'present']",False,Email exchange with Thomas Garza on 2024-05-15
TICK93a7fbac,CUSTA4BEEB85,"""I am experiencing slow performance on our project management dashboard when trying to load project details.""",Pending,"['citizen', 'investment', 'poor']",False,Email exchange with Robert Atkinson on 2024-10-20
TICKb2c299ea,CUST01188418,"""I'm experiencing intermittent login failures on NimbusCloud's platform despite using correct credentials.""",Resolved,"['yet', 'myself', 'movie']",False,Email exchange with Courtney Black on 2024-10-26
TICK32f5a546,CUSTE6F75922,"As a customer from Berg-Trujillo using NimbusCloud Solutions' services, I am experiencing a login issue where I frequently receive an ""invalid credentials"" error despite entering the correct username and password.",Resolved,"['material', 'state', 'our']",False,Email exchange with Juan Colon on 2024-11-29
TICKdc409a8c,CUSTA756B775,I am experiencing significant performance delays when trying to access and use the project management features within NimbusCloud Solutions.,Resolved,"['position', 'its', 'war']",True,Email exchange with Jermaine Bennett on 2024-10-17
TICKb81c13fe,CUST2CBCAC6B,I'm experiencing a technical issue where the document collaboration feature frequently lags and sometimes fails to sync in real-time across different users in NimbusCloud Solutions.,Pending,"['keep', 'month', 'score']",False,Email exchange with Michelle Miller PhD on 2024-11-30
TICKd02e7471,CUSTCCE8A05A,"I'm experiencing intermittent login issues where the system occasionally fails to authenticate my credentials, even though they are correct.",Pending,"['week', 'return', 'ball']",True,Email exchange with Vanessa Bennett on 2024-02-06
TICKa2aba6ec,CUST9A50E6B2,"I'm experiencing significant delays in loading the dashboard on NimbusCloud Solutions, making it difficult to manage and analyze data efficiently.",Resolved,"['knowledge', 'record', 'key']",True,Email exchange with Gary Fields on 2024-03-23
TICKddaaab8f,CUST901FD851,"I am experiencing performance problems with NimbusCloud Solutions, wherein tasks are taking significantly longer to process than usual and occasionally timing out.",Pending,"['garden', 'member', 'protect']",True,Email exchange with Stephen Cochran on 2024-09-05
TICK75fb84e2,CUSTB6F894BA,"As a NimbusCloud Solutions user, I am experiencing frequent login errors despite entering the correct credentials, preventing me from accessing my account efficiently.",Pending,"['action', 'reveal', 'return']",False,Email exchange with Lori Smith on 2024-07-19
TICK3b99f820,CUST3583611B,I am experiencing intermittent login issues where my credentials are frequently not recognized on the platform.,Closed,"['tend', 'herself', 'put']",True,Email exchange with Regina Henderson on 2024-07-28
TICK5c95ca9f,CUST9BC35340,"I am experiencing persistent login issues with my NimbusCloud account, where the system continuously prompts me to reset my password upon each login attempt.",Pending,"['next', 'away', 'ask']",True,Email exchange with Tyler Hall on 2024-10-18
TICKd7283024,CUSTC28BEE45,"I'm experiencing a performance problem where my dashboard statistics take an unusually long time to load, impacting my ability to make timely business decisions.",Closed,"['great', 'standard', 'statement']",False,Email exchange with Eric Williams on 2024-11-19
TICK0c34cf25,CUST2C89098F,"Experiencing intermittent login issues with NimbusCloud Solutions, causing delays in accessing the service dashboard for account management.",Open,"['maybe', 'new', 'also']",True,Email exchange with Jessica Thomas on 2024-04-06
TICK230db9d2,CUSTF0EC5885,"""I'm experiencing frequent timeout errors when trying to access my project dashboards on NimbusCloud Solutions, causing significant delays in workflow.""",Closed,"['design', 'interview', 'involve']",False,Email exchange with Jasmine Lynch on 2024-07-16
TICKb816aec5,CUST8D2085E0,I am experiencing frequent login timeouts when trying to access dashboards on NimbusCloud Solutions.,Pending,"['door', 'shake', 'magazine']",False,Email exchange with Samantha Mccullough on 2024-01-04
TICKe27dc94d,CUSTF7357EA4,"I'm experiencing a technical issue where the dashboard feature in NimbusCloud Solutions's service is not loading, causing a hindrance in accessing key data analytics.",Pending,"['sound', 'paper', 'trip']",False,Email exchange with Kimberly Murphy on 2024-11-05
TICKb4520eb0,CUSTA1083159,"""I am experiencing slow performance and frequent timeouts when trying to access key features in the NimbusCloud Solutions platform.""",Resolved,"['paper', 'sort', 'war']",True,Email exchange with Roger Smith on 2024-03-20
TICK37582fe5,CUST79E9A35F,I am experiencing frequent login timeouts and slow performance when accessing the analytics dashboard on NimbusCloud Solutions.,Resolved,"['audience', 'science', 'find']",True,Email exchange with Melissa Robinson on 2024-10-18
TICK1f9648ba,CUST9A8E27D5,"I'm experiencing a performance problem where accessing the dashboard is significantly slow, causing delays in my workflow.",Open,"['create', 'view', 'explain']",True,Email exchange with Robert Horn on 2024-09-15
TICK14b981eb,CUST345BC187,"As a customer from Little LLC using NimbusCloud Solutions, I am currently experiencing performance issues where the dashboard is taking significantly longer than usual to load.",Closed,"['politics', 'when', 'toward']",False,Email exchange with Kyle Shaw on 2024-04-16
TICK40c296ba,CUSTC28BEE45,"I'm experiencing significant lag when trying to access the dashboard on NimbusCloud Solutions, which is affecting my team's productivity.",Resolved,"['after', 'since', 'carry']",False,Email exchange with Carrie Thomas on 2024-08-16
TICKef310c0c,CUSTBC3ACEB4,"As a user of NimbusCloud Solutions, I am currently experiencing intermittent login issues where the system either rejects valid credentials or hangs during the login process.",Resolved,"['memory', 'they', 'adult']",True,Email exchange with David Davila on 2024-05-20
TICKea3c7ac5,CUST75CD3826,I am experiencing persistent login issues with NimbusCloud Solutions where I am frequently getting authentication errors despite entering the correct credentials.,Closed,"['seat', 'spring', 'person']",True,Email exchange with Kevin Allen on 2024-09-16
TICK51d10d66,CUSTE6CD40B1,I am experiencing sluggish performance when attempting to load dashboards on NimbusCloud Solutions' platform.,Open,"['floor', 'leave', 'establish']",True,Email exchange with Arthur Williams on 2024-01-03
TICK88e6274f,CUST480ED314,"""Experiencing slow load times and intermittent connectivity issues while accessing the dashboard on NimbusCloud Solutions.""",Resolved,"['year', 'own', 'customer']",False,Email exchange with Daniel Russell on 2023-12-15
TICKf16c2614,CUST75EE3F37,"I am experiencing a performance issue where the dashboard is loading very slowly, affecting my ability to access data on NimbusCloud Solutions.",Open,"['Mrs', 'political', 'yet']",True,Email exchange with Angela Lawrence on 2023-12-14
TICK5c4cc001,CUST2966232B,"As a customer of NimbusCloud Solutions, I'm experiencing slow performance when accessing the data analytics features, which is affecting my team's productivity.",Pending,"['interesting', 'director', 'lay']",True,Email exchange with Robert Martinez on 2024-10-17
TICK9a15e9fa,CUST1863F3BF,"We are experiencing significant performance issues with NimbusCloud Solutions, where the application is running very slowly and affecting our workflow at Phillips Ltd.",Open,"['focus', 'mention', 'various']",False,Email exchange with Benjamin Williams on 2024-06-14
TICKbb34221a,CUST92528D5A,"I'm experiencing a performance problem where the dashboard takes an unusually long time to load, affecting our team's productivity.",Open,"['reduce', 'seek', 'artist']",False,Email exchange with Andrew Henson on 2024-11-15
TICK7f6d85c2,CUSTFAE4C876,I'm experiencing continuous login failures despite entering correct credentials on the NimbusCloud Solutions platform.,Pending,"['east', 'become', 'large']",False,Email exchange with Troy Mitchell on 2024-01-21
TICK4fbb020a,CUST70805125,"""I am unable to log into my account on NimbusCloud Solutions, receiving an unexpected error message despite using the correct credentials.""",Resolved,"['house', 'enjoy', 'chair']",False,Email exchange with Jeffery Lopez on 2024-01-14
TICK6524073c,CUST67ACB7BC,"I am experiencing a performance issue with NimbusCloud Solutions, where the application frequently lags and slows down during peak usage times, affecting my team's productivity.",Resolved,"['most', 'end', 'nor']",True,Email exchange with Mrs. Barbara Moore on 2024-07-13
TICKbf2f1a7e,CUST345BC187,I'm experiencing intermittent login issues where the system fails to authenticate my credentials on NimbusCloud Solutions' platform.,Pending,"['while', 'long', 'people']",True,Email exchange with Kelli Johns on 2024-01-19
TICK2e332e16,CUSTE1A86F48,"""I'm experiencing intermittent login failures and slow performance while accessing my account on NimbusCloud Solutions.""",Open,"['ball', 'design', 'store']",False,Email exchange with Susan Hines on 2024-02-28
TICK5aa1e9b3,CUST0254363E,"I am experiencing intermittent login failures when trying to access my account on NimbusCloud Solutions, which is hindering my ability to use the platform effectively.",Closed,"['benefit', 'try', 'sure']",False,Email exchange with Theresa Davis on 2024-06-21
TICKab33dbd6,CUSTE19CDD14,"We are experiencing intermittent login failures when accessing the NimbusCloud dashboard, preventing our team from starting their workflow efficiently.",Resolved,"['type', 'coach', 'lot']",True,Email exchange with Mr. Garrett Williams on 2024-07-23
TICK942b4ac4,CUST575A2200,I am experiencing slow performance and frequent timeouts when trying to access the dashboard on NimbusCloud Solutions's platform.,Closed,"['step', 'society', 'ten']",False,Email exchange with Dawn Anderson on 2024-04-29
TICK5c54b92d,CUSTBC3ACEB4,"""I'm experiencing intermittent login issues when trying to access NimbusCloud Solutions, where the portal occasionally fails to authenticate my credentials, causing significant disruptions to my workflow in Mccoy Group.""",Resolved,"['important', 'hot', 'design']",False,Email exchange with Bryan Harrell on 2023-12-29
TICK517b8c87,CUST6C590AD8,I'm experiencing intermittent login issues where the system either fails to authenticate my credentials or takes an unusually long time to log me in.,Open,"['dog', 'town', 'movie']",False,Email exchange with Morgan Duarte on 2024-05-29
TICK8962aa92,CUST455B1416,"I am unable to access my account on NimbusCloud Solutions due to persistent login issues, where the system fails to recognize my credentials even after multiple attempts.",Pending,"['many', 'positive', 'item']",False,Email exchange with Elizabeth Franklin on 2024-03-27
TICK89bb14f5,CUST12EB6056,"I'm experiencing a login issue with NimbusCloud Solutions, as the system repeatedly fails to authenticate my credentials despite them being correct.",Closed,"['scientist', 'sea', 'walk']",True,Email exchange with Eric Brown Jr. on 2024-02-03
TICKd7e3bb7f,CUSTC5F6E88E,"I'm experiencing a significant delay in response time when trying to access my company dashboard on NimbusCloud Solutions, which is affecting my ability to manage tasks efficiently.",Pending,"['among', 'opportunity', 'stock']",False,Email exchange with Barbara Johnson on 2023-12-03
TICK852f8eaa,CUSTE1999DDB,I am experiencing slow performance and frequent timeouts when trying to access the dashboard on NimbusCloud Solutions.,Pending,"['history', 'allow', 'standard']",True,Email exchange with Bryan Stone on 2024-01-22
TICK6a2a3898,CUST6D1509A6,"I am experiencing persistent login issues where my credentials are repeatedly rejected, preventing access to NimbusCloud Solutionsâ€™ platform.",Pending,"['sound', 'charge', 'sell']",True,Email exchange with Cheryl Phillips on 2024-03-01
TICK0e5c5698,CUST34B9FC28,"I'm unable to access my account dashboard on NimbusCloud Solutions due to a persistent ""Server Error"" message after login.",Closed,"['behind', 'network', 'born']",False,Email exchange with Ryan Kline on 2024-02-25
TICKcd660792,CUST090D0311,"I am experiencing prolonged page load times when accessing the Dashboard feature on NimbusCloud Solutions, affecting my ability to efficiently manage tasks and resources.",Pending,"['issue', 'yard', 'decide']",True,Email exchange with Vincent Armstrong on 2024-09-03
TICKfdeb9153,CUSTF0EC5885,"I am experiencing an issue with NimbusCloud Solutions where the application is significantly slow during peak hours, impacting our productivity.",Open,"['friend', 'red', 'grow']",True,Email exchange with Damon Flowers on 2024-11-14
TICKc2b8ba00,CUSTD7DA8075,I am unable to access my account on NimbusCloud Solutions due to persistent login errors despite using the correct credentials.,Open,"['up', 'industry', 'house']",False,Email exchange with Holly Martin on 2024-03-03
TICKfddefd47,CUST8C0ED80E,"I am experiencing frequent login timeouts when attempting to access NimbusCloud Solutions, which disrupts my workflow.",Closed,"['whom', 'certain', 'interview']",False,Email exchange with Amanda Graham on 2024-03-20
TICKb06d1841,CUST46AEC4BB,I am experiencing a persistent login issue where the system keeps logging me out unexpectedly despite an active session.,Resolved,"['decide', 'job', 'realize']",False,Email exchange with Gerald Anderson on 2024-08-01
TICK92a238ae,CUSTEF824E89,"I am experiencing a performance problem where the dashboard takes unusually long to load, hindering my ability to efficiently manage projects on NimbusCloud Solutions.",Pending,"['newspaper', 'career', 'southern']",False,Email exchange with Anthony Cantu on 2024-02-10
TICKd450ac28,CUSTAD048087,"""I'm experiencing frequent login timeouts while trying to access my account on NimbusCloud Solutions, despite using the correct credentials.""",Resolved,"['design', 'concern', 'those']",True,Email exchange with Austin Rodriguez on 2023-12-18
TICKc9141c36,CUST1C261E92,"""When trying to log in to NimbusCloud, I repeatedly receive an error message stating 'authentication failed,' despite entering correct login credentials.""",Open,"['set', 'fact', 'finish']",True,Email exchange with Barbara Bennett on 2024-08-30
TICK32162271,CUSTCA983F8D,I am experiencing significant lag and performance issues when trying to generate reports within the NimbusCloud Solutions platform.,Pending,"['than', 'represent', 'meet']",False,Email exchange with Lisa Johnson on 2024-06-22
TICKadf04df5,CUST17E35C50,"I am experiencing prolonged loading times when trying to access the dashboard on NimbusCloud Solutions, which is affecting my ability to manage tasks efficiently.",Open,"['society', 'while', 'than']",False,Email exchange with Lawrence Franklin on 2024-11-14
TICK69a707f5,CUSTE9177D2C,"I am experiencing intermittent login failures when trying to access our dashboard on NimbusCloud Solutions, which is affecting our team's ability to manage our day-to-day operations efficiently.",Open,"['head', 'coach', 'simply']",False,Email exchange with Renee Martin on 2024-10-21
TICKe27abcb1,CUSTD2F1D64F,I'm experiencing intermittent login issues with NimbusCloud Solutions where it frequently prompts for re-authentication unexpectedly.,Closed,"['worry', 'treatment', 'either']",False,Email exchange with Deborah Roberts on 2024-08-31
TICKe34fb9a7,CUSTB9AE4091,"I'm experiencing intermittent login failures on the NimbusCloud Solutions platform, where attempts to sign in sometimes results in a ""service unavailable"" error.",Open,"['region', 'point', 'TV']",False,Email exchange with Sara White on 2024-11-28
TICKfdccde41,CUST39F6AD14,I am experiencing a performance problem where the dashboard on our NimbusCloud Solutions account is taking an unusually long time to load and sometimes fails to display the content altogether.,Resolved,"['rest', 'already', 'fill']",False,Email exchange with Linda Leach on 2024-02-12
TICK0860a640,CUST990D4A89,"I'm experiencing significant delays in page loading times while trying to access project management features on NimbusCloud Solutions, which is affecting my team's productivity.",Closed,"['magazine', 'worker', 'land']",False,Email exchange with Bryan Thomas on 2024-02-28
TICKf0863214,CUST2ED879C8,"I'm experiencing a login issue with NimbusCloud Solutions where my credentials are not being recognized despite them being correct, and I'm continuously being prompted to reset my password.",Resolved,"['against', 'piece', 'among']",False,Email exchange with Lance Phillips on 2024-05-06
TICK5cf426c1,CUST58898BFD,"""I am experiencing significant latency and occasional timeouts while accessing the dashboard in NimbusCloud Solutions, which is affecting my team's productivity.""",Resolved,"['or', 'thought', 'determine']",False,Email exchange with David Washington on 2024-04-23
TICK56aa7ccd,CUST29735459,"I am experiencing frequent login timeouts when trying to access the SaaS platform, which interrupts my workflow.",Closed,"['thank', 'message', 'central']",False,Email exchange with Courtney Henson on 2024-08-08
TICK49d60053,CUST480ED314,"I am experiencing an issue where the dashboard feature in NimbusCloud Solutions is not loading properly, causing delays in accessing important data for my projects.",Closed,"['yes', 'answer', 'season']",False,Email exchange with Jessica Bryant on 2024-02-04
TICK3dd334f3,CUST3952F1E6,"I'm experiencing slow response times when trying to access the dashboard feature in NimbusCloud Solutions, affecting my ability to view and analyze data efficiently.",Pending,"['power', 'tax', 'charge']",True,Email exchange with Colleen Daniels on 2024-09-04
TICK3e2b8711,CUSTEEECA55F,"I am experiencing significant delays and timeouts when trying to load the dashboard on NimbusCloud Solutions, impacting my ability to access key data efficiently.",Open,"['start', 'interesting', 'new']",True,Email exchange with James Martinez on 2024-06-29
TICK68c10ef1,CUSTCA983F8D,"I'm experiencing frequent login timeouts when attempting to access my account dashboard on NimbusCloud Solutions, affecting my workflow efficiency.",Pending,"['their', 'spend', 'forward']",True,Email exchange with Mark Pearson on 2024-06-06
TICK628cb870,CUST2C714103,"While using NimbusCloud Solutions, I'm experiencing intermittent login failures, where the system sporadically logs me out and does not recognize my credentials until multiple attempts.",Open,"['too', 'arm', 'memory']",True,Email exchange with Matthew Navarro on 2024-01-24
TICKd1948550,CUSTC92B434E,"I'm experiencing intermittent login failures when trying to access my NimbusCloud account, which prevents me from accessing essential services at times.",Pending,"['capital', 'ever', 'major']",False,Email exchange with Andrea Love on 2023-12-21
TICK994c0940,CUST37A39EB2,I'm experiencing slow loading times and occasional timeouts when trying to access the analytics dashboard on NimbusCloud Solutions.,Open,"['cause', 'assume', 'there']",False,Email exchange with Nathan Rivera on 2024-10-20
TICKa3ead590,CUST7365FCB3,"I am experiencing a persistent login issue where the system doesn't recognize my credentials, causing repeated access denials despite entering the correct information.",Closed,"['training', 'degree', 'require']",True,Email exchange with Sean Lester on 2024-07-10
TICK71d2b379,CUST3F98C22D,"I am experiencing intermittent login failures when attempting to access the dashboard on NimbusCloud Solutions, which seems to be affecting other users in our organization as well.",Pending,"['writer', 'power', 'head']",True,Email exchange with Eric Price on 2024-05-27
TICK144167bb,CUST92528D5A,"Experiencing a significant delay in loading dashboard analytics, affecting real-time decision-making capabilities.",Closed,"['idea', 'development', 'me']",True,Email exchange with Diana Riley on 2023-12-03
TICK1f11a0fd,CUSTB9EC626D,"I am experiencing intermittent login issues with NimbusCloud Solutions, where access occasionally fails despite entering the correct credentials.",Open,"['decade', 'per', 'relationship']",False,Email exchange with Alice Thompson on 2024-09-13
TICKc69a0975,CUSTE26EBC7B,"""I'm experiencing intermittent login failures when trying to access the NimbusCloud dashboard, where the system occasionally hangs or doesn't recognize my credentials.""",Resolved,"['good', 'such', 'mean']",False,Email exchange with Lawrence Moreno on 2024-07-04
TICKfb4f43aa,CUST4F747B18,"""I'm experiencing frequent login failures on the NimbusCloud platform, which prevents access to essential project management tools.""",Pending,"['two', 'scientist', 'century']",True,Email exchange with Vanessa Harris on 2024-08-27
TICKa6d60379,CUST16CF2062,"I am experiencing a persistent login issue where I am unable to access my account despite using the correct credentials, and the system keeps redirecting me back to the login page.",Pending,"['including', 'officer', 'dark']",False,Email exchange with Randy Gordon on 2024-02-29
TICK91056735,CUSTA756B775,I am experiencing a persistent login issue where I am unable to access my dashboard on NimbusCloud Solutions' platform despite entering the correct credentials.,Pending,"['win', 'assume', 'bank']",False,Email exchange with Mary Forbes on 2024-10-11
TICK08ff8586,CUST3BDD63CA,I'm experiencing slow loading times when trying to access the dashboard on NimbusCloud Solutions.,Pending,"['generation', 'reason', 'ask']",True,Email exchange with Laura Greer on 2024-01-03
TICKe94080b2,CUSTB99558E3,"I am experiencing frequent login failures while trying to access the NimbusCloud dashboard, despite using the correct credentials.",Closed,"['yes', 'job', 'spring']",False,Email exchange with Ashley Thompson on 2024-03-16
TICKd2ab4b5a,CUSTE75F41BE,"I'm experiencing a persistent login issue where the system either doesn't recognize my credentials or takes an unusually long time to authenticate, affecting my ability to access NimbusCloud Solutions efficiently.",Open,"['debate', 'ability', 'debate']",False,Email exchange with Matthew Wolf on 2024-02-28
TICK6fdfb0b6,CUSTC50BCDCE,I am experiencing frequent login timeouts when trying to access my dashboard on NimbusCloud Solutions.,Resolved,"['significant', 'water', 'a']",True,Email exchange with Jennifer Taylor on 2024-01-03
TICK04902185,CUSTB2314455,I am experiencing frequent login timeouts when trying to access our company dashboard on NimbusCloud Solutions.,Open,"['despite', 'business', 'green']",True,Email exchange with Stephanie Graham on 2024-03-02
TICK37a74d70,CUSTC46EDBC3,"I'm experiencing a performance issue where the dashboard takes an unusually long time to load, affecting my ability to access necessary data promptly.",Pending,"['for', 'politics', 'name']",False,Email exchange with Lisa Jimenez on 2024-02-04
TICKae631561,CUSTB8AB39DE,"I'm unable to log into my NimbusCloud Solutions account despite using the correct credentials, and I'm receiving a 'service unavailable' error message.",Closed,"['increase', 'include', 'consumer']",False,Email exchange with Diane Harris on 2023-12-13
TICK96aa4d75,CUST12EB6056,"I am experiencing a delay in login responses, which is causing prolonged wait times before access is granted to my account on NimbusCloud Solutions' platform.",Open,"['include', 'that', 'avoid']",True,Email exchange with Megan Parker on 2024-06-07
TICK989bd601,CUSTB2314455,"As a customer from Meyer and Sons using NimbusCloud Solutions, I'm experiencing slow loading times during peak hours, which affects the overall performance and usability of the SaaS platform.",Pending,"['benefit', 'memory', 'something']",True,Email exchange with Paul Oconnor on 2024-07-21
